college_code,college_name,years,year_count
0001,浙江大学(一流大学建设高校),2021,1
0001,浙江大学（一流大学建设高校）,2022,1
0001,浙江大学,"2024,2026",2
0002,中国美术学院(一流学科建设高校)(省重点建设高校),2021,1
0002,中国美术学院（一流学科建设高校）（省重点建设高校）,2022,1
0002,中国美术学院,"2024,2026",2
0003,浙江工业大学(入选“2011计划”高校)(省重点建设高校),2021,1
0003,浙江工业大学（入选“2011计划”高校）（省重点建设高校）,2022,1
0003,浙江工业大学,"2024,2026",2
0004,浙江师范大学(省重点建设高校),2021,1
0004,浙江师范大学（省重点建设高校）,2022,1
0004,浙江师范大学,"2024,2026",2
0005,宁波大学(一流学科建设高校)(省重点建设高校),2021,1
0005,宁波大学（一流学科建设高校）（省重点建设高校）,2022,1
0005,宁波大学,"2024,2026",2
0006,杭州电子科技大学(省重点建设高校),2021,1
0006,杭州电子科技大学（省重点建设高校）,2022,1
0006,杭州电子科技大学,"2024,2026",2
0007,浙江工商大学(省重点建设高校),2021,1
0007,浙江工商大学（省重点建设高校）,2022,1
0007,浙江工商大学,"2024,2026",2
0008,浙江理工大学(省重点建设高校),2021,1
0008,浙江理工大学（省重点建设高校）,2022,1
0008,浙江理工大学,"2024,2026",2
0009,温州医科大学(省重点建设高校),2021,1
0009,温州医科大学（省重点建设高校）,2022,1
0009,温州医科大学,"2024,2026",2
0010,浙江海洋大学(省市共建重点高校),2021,1
0010,浙江海洋大学（省市共建重点高校）,2022,1
0010,浙江海洋大学,"2024,2026",2
0011,浙江农林大学(省重点建设高校),2021,1
0011,浙江农林大学（省重点建设高校）,2022,1
0011,浙江农林大学,"2024,2026",2
0012,浙江中医药大学(省重点建设高校),2021,1
0012,浙江中医药大学（省重点建设高校）,2022,1
0012,浙江中医药大学,"2024,2026",2
0013,中国计量大学(省市共建重点高校),2021,1
0013,中国计量大学（省市共建重点高校）,2022,1
0013,中国计量大学,"2024,2026",2
0014,浙江万里学院,"2021,2022,2024,2026",4
0015,浙江科技学院,"2021,2022",2
0015,浙江科技大学,"2024,2026",2
0016,浙江财经大学(省重点建设高校),2021,1
0016,浙江财经大学（省重点建设高校）,2022,1
0016,浙江财经大学,"2024,2026",2
0017,嘉兴学院,"2021,2022",2
0017,嘉兴大学,"2024,2026",2
0018,浙大城市学院,"2021,2022,2024,2026",4
0019,浙大宁波理工学院,"2021,2022,2024,2026",4
0020,杭州师范大学(省重点建设高校),2021,1
0020,杭州师范大学（省重点建设高校）,2022,1
0020,杭州师范大学,"2024,2026",2
0021,湖州师范学院,"2021,2022,2024",3
0021,湖州师范大学,2026,1
0022,绍兴文理学院,"2021,2022,2024",3
0022,绍兴大学,2026,1
0023,台州学院,"2021,2022,2024,2026",4
0024,温州大学(省市共建重点高校),2021,1
0024,温州大学（省市共建重点高校）,2022,1
0024,温州大学,"2024,2026",2
0025,浙江外国语学院,"2021,2022,2024,2026",4
0027,浙江传媒学院,"2021,2022,2024,2026",4
0028,宁波工程学院,"2021,2022,2024,2026",4
0029,衢州学院,"2021,2022,2024,2026",4
0030,浙江水利水电学院,"2021,2022,2024,2026",4
0033,浙江树人学院（浙江树人大学）(民办),2021,1
0033,浙江树人学院(民办),2022,1
0033,浙江树人学院,"2024,2026",2
0036,杭州医学院,"2021,2022,2024,2026",4
0038,丽水学院,"2021,2022,2024,2026",4
0041,浙江艺术职业学院,"2021,2022,2024,2026",4
0042,浙江交通职业技术学院,"2021,2022,2024,2026",4
0043,浙江工商职业技术学院,"2021,2022,2024,2026",4
0044,浙江工贸职业技术学院,"2021,2022,2024,2026",4
0045,浙江机电职业技术学院,"2021,2022",2
0045,浙江机电职业技术大学,"2024,2026",2
0046,浙江商业职业技术学院,"2021,2022,2024,2026",4
0047,浙江警官职业学院,"2021,2022,2024,2026",4
0048,浙江工业职业技术学院,"2021,2022,2024,2026",4
0049,浙江旅游职业学院,"2021,2022,2024,2026",4
0050,浙江金融职业学院,"2021,2022,2024,2026",4
0051,浙江经济职业技术学院,"2021,2022,2024,2026",4
0052,浙江建设职业技术学院,"2021,2022,2024,2026",4
0053,浙江经贸职业技术学院,"2021,2022,2024,2026",4
0054,浙江育英职业技术学院(民办),"2021,2022",2
0054,浙江育英职业技术学院,"2024,2026",2
0055,浙江东方职业技术学院(民办),2022,1
0055,浙江东方职业技术学院,"2024,2026",2
0056,浙江长征职业技术学院(民办),2022,1
0056,浙江长征职业技术学院,"2024,2026",2
0058,浙江纺织服装职业技术学院,"2021,2022,2024,2026",4
0059,浙江广厦建设职业技术大学(民办),"2021,2022",2
0059,浙江广厦建设职业技术大学,"2024,2026",2
0060,杭州职业技术学院,"2021,2022,2024",3
0060,杭州职业技术大学,2026,1
0061,金华职业技术学院,"2021,2022",2
0061,金华职业技术大学,"2024,2026",2
0062,义乌工商职业技术学院,"2021,2022,2024,2026",4
0063,宁波职业技术学院,"2021,2022,2024",3
0063,宁波职业技术大学,2026,1
0064,温州职业技术学院,"2021,2022,2024",3
0064,温州职业技术大学,2026,1
0065,浙江越秀外国语学院(民办),"2021,2022",2
0065,浙江越秀外国语学院,"2024,2026",2
0066,台州职业技术学院,"2021,2022,2024,2026",4
0067,绍兴职业技术学院(民办),"2021,2022",2
0067,绍兴职业技术学院,"2024,2026",2
0069,嘉兴职业技术学院,"2021,2022,2024,2026",4
0070,湖州职业技术学院,"2021,2022,2024,2026",4
0071,衢州职业技术学院,"2021,2022,2024,2026",4
0072,丽水职业技术学院,"2021,2022,2024,2026",4
0074,宁波财经学院(民办),"2021,2022",2
0074,宁波财经学院,"2024,2026",2
0075,台州科技职业学院,"2021,2022,2024,2026",4
0076,杭州科技职业技术学院,"2021,2022,2024,2026",4
0077,杭州万向职业技术学院(民办),"2021,2022",2
0077,杭州万向职业技术学院,"2024,2026",2
0085,温州科技职业学院,"2021,2022,2024,2026",4
0086,浙江横店影视职业学院(民办),"2021,2022",2
0086,浙江横店影视职业学院,"2024,2026",2
0087,浙江汽车职业技术学院(民办),"2021,2022",2
0087,浙江汽车职业技术学院,"2024,2026",2
0088,浙江宇翔职业技术学院,2024,1
0090,湖州健康职业学院,2026,1
0092,浙江工业大学之江学院(独立学院),"2021,2022",2
0092,浙江工业大学之江学院,"2024,2026",2
0093,浙江师范大学行知学院(独立学院),"2021,2022",2
0093,浙江师范大学行知学院,"2024,2026",2
0094,宁波大学科学技术学院(独立学院),"2021,2022",2
0094,宁波大学科学技术学院,"2024,2026",2
0095,杭州电子科技大学信息工程学院(独立学院),"2021,2022",2
0095,杭州电子科技大学信息工程学院,"2024,2026",2
0096,浙江工商大学杭州商学院(独立学院),"2021,2022",2
0096,浙江工商大学杭州商学院,"2024,2026",2
0097,浙江理工大学科技与艺术学院(独立学院),"2021,2022",2
0097,浙江理工大学科技与艺术学院,"2024,2026",2
0099,温州医科大学仁济学院(独立学院),"2021,2022",2
0099,温州医科大学仁济学院,"2024,2026",2
0101,浙江农林大学暨阳学院(独立学院),"2021,2022",2
0101,浙江农林大学暨阳学院,"2024,2026",2
0106,浙江同济科技职业学院,"2021,2022,2024,2026",4
0111,浙江国际海运职业技术学院,"2021,2024,2026",3
0112,宁波卫生职业技术学院,"2021,2022,2024,2026",4
0113,宁波城市职业技术学院,"2021,2022,2024,2026",4
0115,浙江特殊教育职业学院,"2021,2022,2024,2026",4
0116,浙江中医药大学滨江学院(独立学院),2021,1
0117,中国计量大学现代科技学院(独立学院),"2021,2022",2
0117,中国计量大学现代科技学院,"2024,2026",2
0119,浙江财经大学东方学院(独立学院),"2021,2022",2
0119,浙江财经大学东方学院,"2024,2026",2
0121,湖州学院,"2021,2022,2024,2026",4
0122,绍兴文理学院元培学院(独立学院),"2021,2022",2
0122,绍兴文理学院元培学院,2024,1
0122,绍兴理工学院,2026,1
0123,温州理工学院,"2021,2022,2024,2026",4
0124,宁波幼儿师范高等专科学校,"2021,2022,2024,2026",4
0125,嘉兴南湖学院,"2021,2022,2024,2026",4
0126,温州商学院(民办),"2021,2022",2
0126,温州商学院,"2024,2026",2
0128,浙江邮电职业技术学院,"2021,2022,2024,2026",4
0129,浙江农业商贸职业学院,"2021,2022,2024,2026",4
0130,浙江师范大学(省重点建设高校)(金华职业技术学院教学点),2021,1
0130,浙江师范大学（省重点建设高校）（金华职业技术学院教学点）,2022,1
0130,浙江师范大学(金华职业技术大学教学点),2024,1
0133,浙江安防职业技术学院,"2022,2024,2026",3
0150,浙江金华科贸职业技术学院(民办),"2021,2022",2
0150,浙江金华科贸职业技术学院,2026,1
0168,温州肯恩大学(中外合作办学),"2021,2022",2
0168,温州肯恩大学,"2024,2026",2
0182,宁波诺丁汉大学(中外合作办学),"2021,2022",2
0182,宁波诺丁汉大学,"2024,2026",2
0186,上海财经大学浙江学院(独立学院),"2021,2022",2
0186,上海财经大学浙江学院,"2024,2026",2
0188,宁波东方理工大学,2026,1
0189,北京航空航天大学中法航空学院,2024,1
0189,北京航空航天大学(杭州国际校园),2026,1
0199,浙江药科职业大学,"2022,2024,2026",3
0232,浙江舟山群岛新区旅游与健康职业学院,"2021,2022,2024,2026",4
0259,浙江大学医学院(一流大学建设高校),2021,1
0259,浙江大学医学院（一流大学建设高校）,2022,1
0259,浙江大学医学院,"2024,2026",2
1102,北京城市学院(民办),"2021,2022",2
1102,北京城市学院,"2024,2026",2
1103,北京大学(一流大学建设高校),2021,1
1103,北京大学（一流大学建设高校）,2022,1
1103,北京大学,"2024,2026",2
1104,北京大学医学部(一流大学建设高校),2021,1
1104,北京大学医学部（一流大学建设高校）,2022,1
1104,北京大学医学部,"2024,2026",2
1105,北京第二外国语学院,"2021,2022,2024,2026",4
1106,北京第二外国语学院中瑞酒店管理学院(独立学院),"2021,2022",2
1106,北京第二外国语学院中瑞酒店管理学院,"2024,2026",2
1107,北京电影学院,"2021,2022,2024,2026",4
1109,北京电子科技职业学院,"2022,2024",2
1109,北京科技职业大学,2026,1
1110,北京服装学院,"2021,2022,2024,2026",4
1111,北京工商大学,"2021,2022,2024,2026",4
1112,北京工商大学嘉华学院(独立学院),"2021,2022",2
1112,北京金融科技学院,"2024,2026",2
1113,北京工业大学(一流学科建设高校),2021,1
1113,北京工业大学（一流学科建设高校）,2022,1
1113,北京工业大学,"2024,2026",2
1114,北京工业大学耿丹学院(独立学院),"2021,2022",2
1114,北京工业大学耿丹学院,"2024,2026",2
1116,北京航空航天大学(一流大学建设高校),2021,1
1116,北京航空航天大学（一流大学建设高校）,2022,1
1116,北京航空航天大学,"2024,2026",2
1117,北京化工大学(一流学科建设高校),2021,1
1117,北京化工大学（一流学科建设高校）,2022,1
1117,北京化工大学,"2024,2026",2
1118,北京汇佳职业学院(民办),2021,1
1119,吉利学院(民办),"2021,2022",2
1119,吉利学院,"2024,2026",2
1120,北京建筑大学,"2021,2022,2026",3
1121,北京交通大学(一流学科建设高校),2021,1
1121,北京交通大学（一流学科建设高校）,2022,1
1121,北京交通大学,"2024,2026",2
1122,北京经贸职业学院(民办),2022,1
1123,北京科技大学(一流学科建设高校),2021,1
1123,北京科技大学（一流学科建设高校）,2022,1
1123,北京科技大学,"2024,2026",2
1125,北京科技职业学院(民办),"2021,2022",2
1125,北京科技职业学院,2024,1
1127,北京理工大学(一流大学建设高校),2021,1
1127,北京理工大学（一流大学建设高校）,2022,1
1127,北京理工大学,"2024,2026",2
1128,北京林业大学(一流学科建设高校),2021,1
1128,北京林业大学（一流学科建设高校）,2022,1
1128,北京林业大学,"2024,2026",2
1129,北京培黎职业学院,2024,1
1130,北京师范大学(一流大学建设高校),2021,1
1130,北京师范大学（一流大学建设高校）,2022,1
1130,北京师范大学,"2024,2026",2
1131,北京石油化工学院,"2021,2022,2024,2026",4
1132,北京体育大学(一流学科建设高校),2021,1
1132,北京体育大学（一流学科建设高校）,2022,1
1132,北京体育大学,"2024,2026",2
1133,北京外国语大学(一流学科建设高校),2021,1
1133,北京外国语大学（一流学科建设高校）,2022,1
1133,北京外国语大学,"2024,2026",2
1135,北京物资学院,"2021,2022,2024,2026",4
1136,北京协和医学院(一流学科建设高校),2021,1
1136,北京协和医学院（一流学科建设高校）,2022,1
1136,北京协和医学院,"2024,2026",2
1138,北京信息科技大学,"2021,2022,2024,2026",4
1139,北京印刷学院,"2021,2022,2024,2026",4
1140,北京邮电大学(一流学科建设高校),2021,1
1140,北京邮电大学（一流学科建设高校）,2022,1
1140,北京邮电大学,"2024,2026",2
1141,北京邮电大学世纪学院(独立学院),"2021,2022",2
1141,北京邮电大学世纪学院,"2024,2026",2
1142,北京语言大学,"2021,2022,2024,2026",4
1143,北京中医药大学(一流学科建设高校),2021,1
1143,北京中医药大学（一流学科建设高校）,2022,1
1143,北京中医药大学,"2024,2026",2
1144,对外经济贸易大学(一流学科建设高校),2021,1
1144,对外经济贸易大学（一流学科建设高校）,2022,1
1144,对外经济贸易大学,"2024,2026",2
1146,华北电力大学(北京)(一流学科建设高校),2021,1
1146,华北电力大学(北京)（一流学科建设高校）,2022,1
1146,华北电力大学(北京),"2024,2026",2
1147,清华大学(一流大学建设高校),2021,1
1147,清华大学（一流大学建设高校）,2022,1
1147,清华大学,"2024,2026",2
1148,首都经济贸易大学,"2021,2022,2024,2026",4
1149,首都师范大学(一流学科建设高校),2021,1
1149,首都师范大学（一流学科建设高校）,2022,1
1149,首都师范大学,"2024,2026",2
1150,首都师范大学科德学院,"2024,2026",2
1151,首都医科大学,"2021,2022,2024,2026",4
1153,中国传媒大学(一流学科建设高校),2021,1
1153,中国传媒大学（一流学科建设高校）,2022,1
1153,中国传媒大学,"2024,2026",2
1154,中国地质大学(北京)(一流学科建设高校),2021,1
1154,中国地质大学(北京)（一流学科建设高校）,2022,1
1154,中国地质大学(北京),"2024,2026",2
1155,中国矿业大学(北京)(一流学科建设高校),2021,1
1155,中国矿业大学(北京)（一流学科建设高校）,2022,1
1155,中国矿业大学(北京),"2024,2026",2
1156,中国劳动关系学院,"2021,2022,2024,2026",4
1157,中国农业大学(一流大学建设高校),2021,1
1157,中国农业大学（一流大学建设高校）,2022,1
1157,中国农业大学,"2024,2026",2
1158,中国社会科学院大学,"2024,2026",2
1159,中国人民大学(一流大学建设高校),2021,1
1159,中国人民大学（一流大学建设高校）,2022,1
1159,中国人民大学,"2024,2026",2
1160,中国石油大学(北京)(一流学科建设高校),2021,1
1160,中国石油大学(北京)（一流学科建设高校）,2022,1
1160,中国石油大学(北京),"2024,2026",2
1161,中国戏曲学院,"2021,2022,2024,2026",4
1163,中国政法大学(一流学科建设高校),2021,1
1163,中国政法大学（一流学科建设高校）,2022,1
1163,中国政法大学,"2024,2026",2
1164,中华女子学院,"2021,2022,2024,2026",4
1165,中央财经大学(一流学科建设高校),2021,1
1165,中央财经大学（一流学科建设高校）,2022,1
1165,中央财经大学,"2024,2026",2
1166,中央美术学院,"2024,2026",2
1167,中央民族大学(一流大学建设高校),2021,1
1167,中央民族大学（一流大学建设高校）,2022,1
1167,中央民族大学,"2024,2026",2
1168,中央戏剧学院,"2024,2026",2
1170,北京联合大学,"2021,2022,2024,2026",4
1171,北京邮电大学(宏福校区)(一流学科建设高校),2021,1
1171,北京邮电大学(宏福校区)（一流学科建设高校）,2022,1
1171,北京邮电大学(宏福校区),2024,1
1173,首钢工学院,"2021,2022",2
1175,北京农学院,"2021,2022,2024,2026",4
1179,北方工业大学,"2024,2026",2
1189,中国科学院大学(一流学科建设高校),2021,1
1189,中国科学院大学（一流学科建设高校）,2022,1
1189,中国科学院大学,"2024,2026",2
1201,北京科技大学天津学院(独立学院),"2021,2022",2
1201,北京科技大学天津学院,"2024,2026",2
1202,河北工业大学(一流学科建设高校),2021,1
1202,河北工业大学（一流学科建设高校）,2022,1
1202,河北工业大学,"2024,2026",2
1203,南开大学(一流大学建设高校),2021,1
1203,南开大学（一流大学建设高校）,2022,1
1203,南开大学,"2024,2026",2
1205,天津滨海职业学院,"2021,2022,2024,2026",4
1206,天津财经大学,"2021,2022,2024,2026",4
1207,天津财经大学珠江学院(独立学院),"2021,2022",2
1207,天津财经大学珠江学院,"2024,2026",2
1208,天津城建大学,"2021,2022,2024,2026",4
1210,天津大学(一流大学建设高校),2021,1
1210,天津大学（一流大学建设高校）,2022,1
1210,天津大学,"2024,2026",2
1211,天津仁爱学院(民办),"2021,2022",2
1211,天津仁爱学院,"2024,2026",2
1212,天津电子信息职业技术学院,"2021,2022,2024",3
1214,天津职业技术师范大学,"2021,2022,2024,2026",4
1216,天津工业大学(一流学科建设高校),2021,1
1216,天津工业大学（一流学科建设高校）,2022,1
1216,天津工业大学,"2024,2026",2
1217,天津公安警官职业学院,"2021,2022,2024",3
1217,天津警察学院,2026,1
1220,天津机电职业技术学院,2026,1
1221,天津交通职业学院,2026,1
1223,天津科技大学,"2021,2022,2024,2026",4
1224,天津理工大学,"2021,2022,2024,2026",4
1225,天津理工大学中环信息学院(独立学院),"2021,2022",2
1225,天津理工大学中环信息学院,"2024,2026",2
1226,天津美术学院,"2022,2024",2
1227,天津农学院,"2021,2022,2024,2026",4
1229,天津商业大学,"2021,2022,2024,2026",4
1230,天津商业大学宝德学院(独立学院),"2021,2022",2
1230,天津商业大学宝德学院,"2024,2026",2
1231,天津生物工程职业技术学院,"2021,2026",2
1232,天津师范大学,"2021,2022,2024,2026",4
1234,天津体育学院,"2021,2022,2024,2026",4
1235,天津外国语大学,"2021,2022,2024,2026",4
1236,天津外国语大学滨海外事学院(独立学院),"2021,2022",2
1236,天津外国语大学滨海外事学院,"2024,2026",2
1237,天津现代职业技术学院,"2021,2022,2026",3
1239,天津医科大学(一流学科建设高校),2021,1
1239,天津医科大学（一流学科建设高校）,2022,1
1239,天津医科大学,"2024,2026",2
1240,天津医科大学临床医学院(独立学院),"2021,2022",2
1240,天津医科大学临床医学院,"2024,2026",2
1241,天津医学高等专科学校,"2021,2022,2024,2026",4
1242,天津艺术职业学院,2022,1
1244,天津市职业大学,"2021,2022,2024",3
1244,天津职业大学,2026,1
1246,天津中医药大学(一流学科建设高校),2021,1
1246,天津中医药大学（一流学科建设高校）,2022,1
1246,天津中医药大学,"2024,2026",2
1247,中国民航大学,"2021,2022,2024,2026",4
1248,天津天狮学院(民办),"2021,2022",2
1248,天津天狮学院,"2024,2026",2
1249,天津铁道职业技术学院,"2021,2022,2024,2026",4
1301,保定电力职业技术学院,"2021,2022,2024,2026",4
1302,北华航天工业学院,"2021,2022,2024,2026",4
1304,燕京理工学院(民办),"2021,2022",2
1304,燕京理工学院,2024,1
1305,沧州交通学院(民办),"2021,2022",2
1305,沧州交通学院,"2024,2026",2
1307,北京社会管理职业学院,"2021,2022",2
1307,民政职业大学,"2024,2026",2
1308,北京中医药大学东方学院(独立学院),"2021,2022",2
1308,北京中医药大学东方学院,"2024,2026",2
1310,承德医学院,"2021,2022,2024,2026",4
1311,东北大学秦皇岛分校(一流大学建设高校),2021,1
1311,东北大学秦皇岛分校（一流大学建设高校）,2022,1
1311,东北大学秦皇岛分校,"2024,2026",2
1312,防灾科技学院,"2021,2022,2024",3
1313,邯郸学院,"2021,2024,2026",3
1315,河北大学,"2021,2022,2024,2026",4
1317,河北工程大学,"2021,2022,2024,2026",4
1318,河北工程大学科信学院(独立学院),"2021,2022",2
1318,河北工程大学科信学院,"2024,2026",2
1319,河北石油职业技术大学,"2022,2024,2026",3
1321,河北建筑工程学院,"2021,2022,2024,2026",4
1323,河北金融学院,"2021,2022,2024,2026",4
1324,河北经贸大学,"2021,2022,2024,2026",4
1325,河北经贸大学经济管理学院(独立学院),"2021,2022",2
1325,河北经贸大学经济管理学院,"2024,2026",2
1326,河北科技大学,"2021,2022,2024,2026",4
1328,河北科技师范学院,"2021,2022,2024,2026",4
1329,华北理工大学,"2021,2022,2024,2026",4
1330,河北师范大学,"2021,2022,2024,2026",4
1331,河北医科大学,"2021,2022,2024,2026",4
1332,河北医科大学临床学院(独立学院),"2021,2022",2
1332,河北医科大学临床学院,"2024,2026",2
1333,衡水学院,"2021,2022,2024,2026",4
1334,华北电力大学(保定)(一流学科建设高校),2021,1
1334,华北电力大学(保定)（一流学科建设高校）,2022,1
1334,华北电力大学(保定),"2024,2026",2
1336,华北科技学院,"2021,2022,2024",3
1336,应急管理大学,2026,1
1338,华北理工大学冀唐学院(独立学院),"2021,2022",2
1339,廊坊师范学院,"2021,2022,2024,2026",4
1340,秦皇岛职业技术学院,2022,1
1341,河北地质大学,"2021,2022,2024,2026",4
1342,石家庄铁道大学,"2021,2022,2024,2026",4
1343,石家庄铁道大学四方学院(独立学院),"2021,2022",2
1343,石家庄铁道大学四方学院,"2024,2026",2
1344,石家庄医学高等专科学校(民办),"2021,2022",2
1344,石家庄医学高等专科学校,"2024,2026",2
1345,石家庄邮电职业技术学院,"2021,2022,2024,2026",4
1346,邢台学院,"2021,2022,2024,2026",4
1347,邢台医学高等专科学校,"2021,2022",2
1347,邢台医学院,"2024,2026",2
1349,燕山大学,"2021,2022,2024,2026",4
1350,燕山大学里仁学院(独立学院),2021,1
1351,保定理工学院(民办),"2021,2022",2
1351,保定理工学院,"2024,2026",2
1353,河北外国语学院(民办),"2021,2022",2
1353,河北外国语学院,"2024,2026",2
1354,河北中医学院,"2021,2022",2
1354,河北中医药大学,"2024,2026",2
1355,河北北方学院,"2021,2022,2024,2026",4
1356,河北科技学院(民办),"2021,2022",2
1356,河北科技学院,"2024,2026",2
1357,河北环境工程学院,"2021,2022,2024,2026",4
1361,河北科技工程职业技术大学,"2021,2022,2024,2026",4
1362,河北水利电力学院,"2022,2024,2026",3
1364,石家庄人民医学高等专科学校,"2024,2026",2
1366,唐山幼儿师范高等专科学校,"2024,2026",2
1402,山西财经大学,"2021,2022,2024,2026",4
1403,山西大同大学,"2021,2022,2024,2026",4
1404,山西大学,"2021,2024,2026",3
1404,山西大学（一流学科建设高校）,2022,1
1408,山西农业大学,"2021,2022,2024,2026",4
1409,山西药科职业学院,2022,1
1410,山西中医药大学,"2021,2022,2024,2026",4
1413,太原工业学院,"2021,2022,2024,2026",4
1414,太原科技大学,"2021,2022,2024,2026",4
1415,太原理工大学(一流学科建设高校),2021,1
1415,太原理工大学（一流学科建设高校）,2022,1
1415,太原理工大学,"2024,2026",2
1416,太原师范学院,"2021,2022,2024,2026",4
1417,运城学院,"2021,2022,2024,2026",4
1418,中北大学,"2021,2022,2024,2026",4
1419,山西晋中理工学院(民办),"2021,2022",2
1419,山西晋中理工学院,"2024,2026",2
1420,山西传媒学院,"2021,2022,2024,2026",4
1421,山西师范大学,"2021,2022,2024,2026",4
1422,山西医科大学,"2021,2022,2024,2026",4
1423,山西工学院,"2021,2022,2024,2026",4
1425,吕梁学院,"2021,2022,2024,2026",4
1426,山西工程技术学院,"2022,2024,2026",3
1501,呼伦贝尔学院,"2021,2022,2024,2026",4
1502,内蒙古大学(一流学科建设高校),2021,1
1502,内蒙古大学（一流学科建设高校）,2022,1
1502,内蒙古大学,"2024,2026",2
1503,内蒙古工业大学,"2021,2022,2024,2026",4
1505,内蒙古科技大学,"2021,2022,2024,2026",4
1506,内蒙古科技大学包头师范学院,"2021,2022,2024,2026",4
1507,内蒙古民族大学,"2021,2022,2024,2026",4
1508,内蒙古农业大学,"2021,2022,2024,2026",4
1509,内蒙古师范大学,2022,1
1510,内蒙古财经大学,"2021,2022,2024,2026",4
1511,内蒙古医科大学,"2021,2022,2024,2026",4
1513,内蒙古北方职业技术学院,2024,1
2101,鞍山师范学院,"2021,2022,2024,2026",4
2103,渤海大学,"2021,2022,2024,2026",4
2104,大连大学,"2021,2022,2024,2026",4
2106,大连东软信息学院(民办),"2021,2022",2
2106,大连东软信息学院,"2024,2026",2
2107,大连工业大学,"2021,2022,2024,2026",4
2108,大连海事大学(一流学科建设高校),2021,1
2108,大连海事大学（一流学科建设高校）,2022,1
2108,大连海事大学,"2024,2026",2
2109,大连交通大学,"2021,2022,2024,2026",4
2110,大连科技学院(民办),"2021,2022",2
2110,大连科技学院,"2024,2026",2
2111,大连理工大学(一流大学建设高校),2021,1
2111,大连理工大学（一流大学建设高校）,2022,1
2111,大连理工大学,"2024,2026",2
2112,大连理工大学城市学院(独立学院),"2021,2022",2
2112,大连理工大学城市学院,2024,1
2112,大连工程学院,2026,1
2113,大连民族大学,"2021,2022,2024,2026",4
2115,大连海洋大学,"2021,2022,2024,2026",4
2116,大连外国语大学,"2021,2022,2024,2026",4
2117,大连医科大学,"2021,2022,2024,2026",4
2118,大连医科大学中山学院(独立学院),"2021,2022",2
2118,大连医科大学中山学院,"2024,2026",2
2122,东北财经大学,"2021,2022,2024,2026",4
2123,大连财经学院(民办),"2021,2022",2
2123,大连财经学院,"2024,2026",2
2124,东北大学(一流大学建设高校),2021,1
2124,东北大学（一流大学建设高校）,2022,1
2124,东北大学,"2024,2026",2
2125,辽东学院,2026,1
2126,辽宁财贸学院(民办),"2021,2022",2
2126,辽宁财贸学院,"2024,2026",2
2127,辽宁大学(一流学科建设高校),2021,1
2127,辽宁大学（一流学科建设高校）,2022,1
2127,辽宁大学,"2024,2026",2
2128,辽宁对外经贸学院(民办),"2021,2022",2
2128,辽宁对外经贸学院,"2024,2026",2
2129,辽宁工业大学,"2021,2022,2024,2026",4
2133,辽宁科技大学,"2021,2022,2024,2026",4
2136,辽宁师范大学,"2021,2022,2024,2026",4
2137,辽宁石油化工大学,"2021,2022,2024,2026",4
2138,锦州医科大学,"2021,2022,2024,2026",4
2139,辽宁中医药大学,"2021,2022,2024,2026",4
2140,辽宁中医药大学杏林学院(独立学院),"2021,2022",2
2140,辽宁中医药大学杏林学院,"2024,2026",2
2142,沈阳大学,"2021,2022,2024,2026",4
2143,沈阳城市学院(民办),"2021,2022",2
2143,沈阳城市学院,"2024,2026",2
2144,沈阳工程学院,"2021,2022,2024,2026",4
2145,沈阳工业大学,"2021,2022,2024,2026",4
2147,沈阳航空航天大学,"2021,2022,2024,2026",4
2149,沈阳化工大学,"2021,2022,2024,2026",4
2151,沈阳建筑大学,"2021,2022,2024,2026",4
2152,沈阳城市建设学院(民办),"2021,2022",2
2152,沈阳城市建设学院,"2024,2026",2
2153,沈阳理工大学,"2021,2022,2024,2026",4
2154,沈阳工学院(民办),"2021,2022",2
2154,沈阳工学院,"2024,2026",2
2155,沈阳农业大学,"2021,2022,2024,2026",4
2156,沈阳师范大学,"2021,2022,2024,2026",4
2158,沈阳药科大学,"2021,2022,2024,2026",4
2159,沈阳医学院,"2021,2022,2024,2026",4
2161,中国医科大学,"2021,2022,2024,2026",4
2163,鲁迅美术学院,"2024,2026",2
2167,大连理工大学(盘锦校区)(一流大学建设高校),2021,1
2167,大连理工大学(盘锦校区)（一流大学建设高校）,2022,1
2167,大连理工大学(盘锦校区),"2024,2026",2
2170,辽宁工程技术大学,"2024,2026",2
2172,辽宁传媒学院,2026,1
2174,辽宁科技学院,2026,1
2175,辽宁理工职业大学,2026,1
2201,北华大学,"2021,2022,2024,2026",4
2202,长春大学,"2021,2022,2024,2026",4
2203,长春光华学院(民办),"2021,2022",2
2203,长春光华学院,"2024,2026",2
2204,长春大学旅游学院(独立学院),"2021,2022",2
2204,长春大学旅游学院,"2024,2026",2
2206,长春工程学院,"2021,2022,2024,2026",4
2207,长春工业大学,"2021,2022,2024,2026",4
2208,长春工业大学人文信息学院(独立学院),"2021,2022",2
2208,长春工业大学人文信息学院,"2024,2026",2
2209,长春金融高等专科学校,"2024,2026",2
2210,长春理工大学,"2021,2022,2024,2026",4
2211,长春电子科技学院(民办),"2021,2022",2
2211,长春电子科技学院,"2024,2026",2
2213,长春师范大学,"2021,2022,2024,2026",4
2214,吉林财经大学,"2021,2022,2024,2026",4
2215,长春财经学院(民办),"2021,2022",2
2215,长春财经学院,"2024,2026",2
2216,长春医学高等专科学校,"2021,2022,2024,2026",4
2217,东北电力大学,"2021,2022,2024,2026",4
2218,东北师范大学(一流学科建设高校),2021,1
2218,东北师范大学（一流学科建设高校）,2022,1
2218,东北师范大学,"2024,2026",2
2219,长春人文学院(民办),"2021,2022",2
2219,长春人文学院,"2024,2026",2
2220,吉林大学(一流大学建设高校),2021,1
2220,吉林大学（一流大学建设高校）,2022,1
2220,吉林大学,"2024,2026",2
2221,吉林动画学院(民办),"2021,2022",2
2221,吉林动画学院,"2024,2026",2
2222,吉林工程技术师范学院,"2021,2022,2024,2026",4
2223,吉林工商学院,"2021,2022,2024,2026",4
2225,吉林外国语大学(民办),"2021,2022",2
2225,吉林外国语大学,"2024,2026",2
2226,吉林化工学院,"2021,2022,2024",3
2226,吉林化工大学,2026,1
2227,吉林建筑大学,"2021,2022,2024,2026",4
2228,吉林建筑科技学院(民办),"2021,2022",2
2228,吉林建筑科技学院,"2024,2026",2
2229,长春建筑学院(民办),"2021,2022",2
2229,长春建筑学院,"2024,2026",2
2230,吉林交通职业技术学院,2022,1
2231,吉林农业大学,"2021,2022,2024,2026",4
2232,长春科技学院(民办),"2021,2022",2
2232,长春科技学院,"2024,2026",2
2233,吉林农业科技学院,"2021,2022,2024,2026",4
2234,吉林师范大学,"2021,2022,2024,2026",4
2235,吉林师范大学博达学院(独立学院),"2021,2022",2
2235,吉林师范大学博达学院,"2024,2026",2
2236,吉林司法警官职业学院,"2021,2022,2026",3
2238,吉林铁道职业技术学院,"2021,2022,2024",3
2238,吉林铁道职业技术大学,2026,1
2239,吉林医药学院,"2021,2022,2024,2026",4
2241,通化师范学院,"2021,2022,2024,2026",4
2242,延边大学(一流学科建设高校),2021,1
2242,延边大学（一流学科建设高校）,2022,1
2242,延边大学,"2024,2026",2
2243,吉林艺术学院,"2024,2026",2
2244,白城师范学院,"2021,2022,2024,2026",4
2245,长春中医药大学,"2021,2022,2024,2026",4
2246,吉林电子信息职业技术学院,2024,1
2301,大庆师范学院,"2021,2022,2024,2026",4
2302,东北石油大学,"2021,2022,2024,2026",4
2303,东北林业大学(一流学科建设高校),2021,1
2303,东北林业大学（一流学科建设高校）,2022,1
2303,东北林业大学,"2024,2026",2
2304,东北农业大学(一流学科建设高校),2021,1
2304,东北农业大学（一流学科建设高校）,2022,1
2304,东北农业大学,"2024,2026",2
2305,黑龙江工商学院(民办),"2021,2022",2
2305,黑龙江工商学院,"2024,2026",2
2306,黑龙江财经学院(民办),"2021,2022",2
2306,黑龙江财经学院,"2024,2026",2
2308,哈尔滨工程大学(一流学科建设高校),2021,1
2308,哈尔滨工程大学（一流学科建设高校）,2022,1
2308,哈尔滨工程大学,"2024,2026",2
2309,哈尔滨工业大学(一流大学建设高校),2021,1
2309,哈尔滨工业大学（一流大学建设高校）,2022,1
2309,哈尔滨工业大学,"2024,2026",2
2310,哈尔滨工业大学(威海)(一流大学建设高校),2021,1
2310,哈尔滨工业大学(威海)（一流大学建设高校）,2022,1
2310,哈尔滨工业大学(威海),"2024,2026",2
2311,哈尔滨华德学院(民办),"2021,2022",2
2311,哈尔滨华德学院,"2024,2026",2
2312,哈尔滨金融学院,"2021,2022,2024,2026",4
2313,哈尔滨理工大学,"2021,2022,2024,2026",4
2314,哈尔滨商业大学,"2021,2022,2024,2026",4
2315,哈尔滨师范大学,"2021,2022,2024,2026",4
2316,黑龙江外国语学院(民办),"2021,2022",2
2316,黑龙江外国语学院,"2024,2026",2
2318,哈尔滨铁道职业技术学院,"2021,2022,2024,2026",4
2319,哈尔滨学院,"2021,2022,2024,2026",4
2320,哈尔滨医科大学,"2021,2022,2024,2026",4
2321,鹤岗师范高等专科学校,2024,1
2322,黑龙江八一农垦大学,"2021,2022,2024,2026",4
2323,黑龙江大学,"2021,2022,2024,2026",4
2324,黑龙江东方学院(民办),"2021,2022",2
2324,黑龙江东方学院,"2024,2026",2
2325,黑龙江工程学院,"2021,2022,2024,2026",4
2327,黑龙江建筑职业技术学院,2021,1
2327,哈尔滨建筑科技职业大学,2026,1
2328,黑龙江科技大学,"2021,2022,2024,2026",4
2329,黑龙江农垦职业学院,"2021,2024",2
2332,黑龙江中医药大学,"2021,2022,2024,2026",4
2333,佳木斯大学,"2021,2022,2024,2026",4
2334,牡丹江大学,"2021,2022,2026",3
2335,牡丹江师范学院,"2021,2022,2024,2026",4
2336,牡丹江医学院,"2021,2022",2
2336,牡丹江医科大学,"2024,2026",2
2337,齐齐哈尔大学,"2021,2022,2024,2026",4
2338,齐齐哈尔医学院,"2021,2022,2024,2026",4
2356,哈尔滨职业技术大学,2026,1
2364,黑龙江护理高等专科学校,2026,1
2365,伊春职业学院,2026,1
2367,哈尔滨信息工程学院,2026,1
2369,哈尔滨远东理工学院,2026,1
2371,齐齐哈尔工程学院,2026,1
3101,东华大学(一流学科建设高校),2021,1
3101,东华大学（一流学科建设高校）,2022,1
3101,东华大学,"2024,2026",2
3102,复旦大学(一流大学建设高校),2021,1
3102,复旦大学（一流大学建设高校）,2022,1
3102,复旦大学,"2024,2026",2
3103,上海视觉艺术学院(民办),"2021,2022",2
3103,上海视觉艺术学院,"2024,2026",2
3104,华东理工大学(一流学科建设高校),2021,1
3104,华东理工大学（一流学科建设高校）,2022,1
3104,华东理工大学,"2024,2026",2
3105,华东师范大学(一流大学建设高校),2021,1
3105,华东师范大学（一流大学建设高校）,2022,1
3105,华东师范大学,"2024,2026",2
3106,华东政法大学,"2021,2022,2024,2026",4
3108,上海邦德职业技术学院(民办),2021,1
3109,上海财经大学(一流学科建设高校),2021,1
3109,上海财经大学（一流学科建设高校）,2022,1
3109,上海财经大学,"2024,2026",2
3110,上海城建职业学院,"2021,2022,2024,2026",4
3111,上海出版印刷高等专科学校,"2021,2022,2024,2026",4
3112,上海大学(一流学科建设高校),2021,1
3112,上海大学（一流学科建设高校）,2022,1
3112,上海大学,"2024,2026",2
3113,上海第二工业大学,"2021,2022,2024,2026",4
3114,上海电机学院,"2021,2022,2024,2026",4
3115,上海电力大学,"2021,2022,2024,2026",4
3116,上海电影艺术职业学院(民办),"2021,2022",2
3116,上海电影艺术职业学院,2026,1
3117,上海电子信息职业技术学院,"2021,2022,2024,2026",4
3118,上海东海职业技术学院(民办),"2021,2022",2
3118,上海东海职业技术学院,"2024,2026",2
3119,上海对外经贸大学,"2021,2022,2024,2026",4
3120,上海工程技术大学,"2021,2022,2024,2026",4
3122,上海工商外国语职业学院(民办),"2021,2022",2
3122,上海工商外国语职业学院,"2024,2026",2
3123,上海工艺美术职业学院,"2021,2022,2024,2026",4
3124,上海海关学院,"2024,2026",2
3125,上海海事大学,"2021,2022,2024,2026",4
3126,上海海事职业技术学院,2026,1
3127,上海海洋大学(一流学科建设高校),2021,1
3127,上海海洋大学（一流学科建设高校）,2022,1
3127,上海海洋大学,"2024,2026",2
3128,上海济光职业技术学院(民办),"2021,2022",2
3128,上海济光职业技术学院,"2024,2026",2
3130,上海建桥学院(民办),"2021,2022",2
3130,上海建桥学院,"2024,2026",2
3131,上海交通大学(一流大学建设高校),2021,1
3131,上海交通大学（一流大学建设高校）,2022,1
3131,上海交通大学,"2024,2026",2
3132,上海交通大学医学院(一流大学建设高校),2021,1
3132,上海交通大学医学院（一流大学建设高校）,2022,1
3132,上海交通大学医学院,"2024,2026",2
3133,上海交通职业技术学院,"2021,2022,2024,2026",4
3135,上海科学技术职业学院,"2021,2022,2024,2026",4
3136,上海理工大学,"2021,2022,2024,2026",4
3137,上海立达学院(民办),"2021,2022",2
3137,上海立达学院,"2024,2026",2
3138,上海立信会计金融学院,"2021,2022,2024,2026",4
3139,上海旅游高等专科学校,"2021,2022,2024,2026",4
3141,上海农林职业技术学院,"2021,2022,2024,2026",4
3143,上海杉达学院(民办),"2021,2022",2
3143,上海杉达学院,"2024,2026",2
3144,上海商学院,"2021,2022,2024,2026",4
3145,上海师范大学,"2021,2022,2024,2026",4
3146,上海师范大学天华学院(独立学院),"2021,2022",2
3146,上海师范大学天华学院,"2024,2026",2
3147,上海思博职业技术学院(民办),"2021,2022",2
3147,上海思博职业技术学院,"2024,2026",2
3148,上海体育学院(一流学科建设高校),2021,1
3148,上海体育学院（一流学科建设高校）,2022,1
3148,上海体育大学,"2024,2026",2
3150,上海兴伟学院(民办),"2021,2022",2
3150,上海兴伟学院,"2024,2026",2
3151,上海外国语大学(一流学科建设高校),2021,1
3151,上海外国语大学（一流学科建设高校）,2022,1
3151,上海外国语大学,"2024,2026",2
3152,上海外国语大学贤达经济人文学院(独立学院),"2021,2022",2
3152,上海外国语大学贤达经济人文学院,"2024,2026",2
3154,上海工商职业技术学院,"2024,2026",2
3155,上海行健职业学院,"2021,2022,2024,2026",4
3156,上海健康医学院,"2021,2022,2024,2026",4
3158,上海音乐学院(一流学科建设高校),2021,1
3158,上海音乐学院（一流学科建设高校）,2022,1
3159,上海应用技术大学,"2021,2022,2024,2026",4
3160,上海震旦职业学院(民办),2022,1
3160,上海震旦职业学院,"2024,2026",2
3161,上海政法学院,"2021,2022,2024,2026",4
3163,上海中侨职业技术大学(民办),"2021,2022",2
3163,上海中侨职业技术大学,"2024,2026",2
3164,上海中医药大学(一流学科建设高校),2021,1
3164,上海中医药大学（一流学科建设高校）,2022,1
3164,上海中医药大学,"2024,2026",2
3165,同济大学(一流大学建设高校),2021,1
3165,同济大学（一流大学建设高校）,2022,1
3165,同济大学,"2024,2026",2
3168,上海民航职业技术学院,"2021,2022,2024,2026",4
3171,复旦大学医学院(一流大学建设高校),2021,1
3171,复旦大学医学院（一流大学建设高校）,2022,1
3171,复旦大学医学院,"2024,2026",2
3173,上海南湖职业技术学院,"2021,2022,2024,2026",4
3174,上海科创职业技术学院,2026,1
3176,上海现代化工职业学院,2026,1
3177,上海建设管理职业技术学院,2026,1
3178,上海浦东职业技术学院,"2024,2026",2
3201,常熟理工学院,"2021,2022,2024",3
3201,苏州工学院,2026,1
3202,常州纺织服装职业技术学院,"2021,2026",2
3203,常州机电职业技术学院,"2021,2024,2026",3
3204,常州工业职业技术学院,2022,1
3205,常州信息职业技术学院,"2021,2022,2024",3
3205,常州信息职业技术大学,2026,1
3206,东南大学(一流大学建设高校),2021,1
3206,东南大学（一流大学建设高校）,2022,1
3206,东南大学,"2024,2026",2
3207,东南大学成贤学院(独立学院),"2021,2022",2
3207,东南大学成贤学院,"2024,2026",2
3208,硅湖职业技术学院,"2024,2026",2
3209,河海大学(一流学科建设高校),2021,1
3209,河海大学（一流学科建设高校）,2022,1
3209,河海大学,"2024,2026",2
3210,江苏海洋大学,"2021,2022,2024,2026",4
3211,淮阴工学院,"2021,2022,2024",3
3211,淮安大学,2026,1
3212,淮阴师范学院,"2021,2022,2024,2026",4
3216,江南大学(一流学科建设高校),2021,1
3216,江南大学（一流学科建设高校）,2022,1
3216,江南大学,"2024,2026",2
3217,无锡太湖学院(民办),"2021,2022",2
3217,无锡太湖学院,"2024,2026",2
3219,江苏财经职业技术学院,"2021,2022,2024,2026",4
3220,江苏大学,"2021,2022,2024,2026",4
3221,江苏大学京江学院(独立学院),"2021,2022",2
3221,江苏大学京江学院,"2024,2026",2
3222,常州大学,"2021,2022,2024,2026",4
3223,江苏海事职业技术学院,"2021,2022,2024,2026",4
3224,江苏理工学院,"2021,2022,2024,2026",4
3225,江苏经贸职业技术学院,"2021,2022,2024,2026",4
3226,江苏警官学院,"2021,2022",2
3227,江苏科技大学,"2021,2022,2024,2026",4
3229,江苏农林职业技术学院,"2021,2022,2024,2026",4
3230,江苏食品药品职业技术学院,"2022,2024,2026",3
3231,江苏信息职业技术学院,"2022,2024",2
3232,江苏农牧科技职业学院,"2021,2022,2024,2026",4
3234,金肯职业技术学院(民办),2021,1
3235,金陵科技学院,"2021,2022,2024,2026",4
3238,南京财经大学,"2021,2022,2024,2026",4
3239,南京财经大学红山学院(独立学院),"2021,2022",2
3239,南京财经大学红山学院,"2024,2026",2
3240,南京大学(一流大学建设高校),2021,1
3240,南京大学（一流大学建设高校）,2022,1
3240,南京大学,"2024,2026",2
3242,南京工程学院,"2021,2022,2024,2026",4
3243,南京工业大学,"2021,2022,2024,2026",4
3244,南京工业大学浦江学院(独立学院),"2021,2022",2
3244,南京工业大学浦江学院,"2024,2026",2
3245,南京工业职业技术大学,"2021,2022,2024,2026",4
3246,南京航空航天大学(一流学科建设高校),2021,1
3246,南京航空航天大学（一流学科建设高校）,2022,1
3246,南京航空航天大学,"2024,2026",2
3247,南京航空航天大学金城学院(独立学院),"2021,2022",2
3247,南京航空航天大学金城学院,"2024,2026",2
3248,南京科技职业学院,"2021,2022,2024,2026",4
3249,南京机电职业技术学院,"2021,2022,2024,2026",4
3250,南京交通职业技术学院,"2021,2022,2024,2026",4
3251,南京理工大学(一流学科建设高校),2021,1
3251,南京理工大学（一流学科建设高校）,2022,1
3251,南京理工大学,"2024,2026",2
3252,南京理工大学泰州科技学院(独立学院),"2021,2022",2
3252,南京理工大学泰州科技学院,"2024,2026",2
3253,南京理工大学紫金学院(独立学院),"2021,2022",2
3253,南京理工大学紫金学院,"2024,2026",2
3254,南京林业大学(一流学科建设高校),2021,1
3254,南京林业大学（一流学科建设高校）,2022,1
3254,南京林业大学,"2024,2026",2
3255,南京旅游职业学院,"2021,2022,2024,2026",4
3256,南京农业大学(一流学科建设高校),2021,1
3256,南京农业大学（一流学科建设高校）,2022,1
3256,南京农业大学,"2024,2026",2
3257,南京审计大学,"2021,2022,2024,2026",4
3258,南京审计大学金审学院(独立学院),"2021,2022",2
3258,南京审计大学金审学院,"2024,2026",2
3259,南京师范大学(一流学科建设高校),2021,1
3259,南京师范大学（一流学科建设高校）,2022,1
3259,南京师范大学,"2024,2026",2
3260,南京师范大学泰州学院(独立学院),"2021,2022",2
3260,南京师范大学泰州学院,"2024,2026",2
3261,南京师范大学中北学院(独立学院),"2021,2022",2
3261,南京师范大学中北学院,"2024,2026",2
3262,南京视觉艺术职业学院,2026,1
3263,南京特殊教育师范学院,"2021,2022,2024,2026",4
3264,南京体育学院,"2021,2022,2024,2026",4
3265,南京铁道职业技术学院,"2021,2022,2024,2026",4
3266,南京晓庄学院,"2021,2022,2024,2026",4
3267,南京信息工程大学(一流学科建设高校),2021,1
3267,南京信息工程大学（一流学科建设高校）,2022,1
3267,南京信息工程大学,"2024,2026",2
3268,无锡学院,"2021,2022,2024,2026",4
3269,南京信息职业技术学院,"2021,2022,2024,2026",4
3270,南京医科大学,"2021,2024,2026",3
3270,南京医科大学（一流学科建设高校）,2022,1
3271,南京医科大学康达学院(独立学院),"2021,2022",2
3271,南京医科大学康达学院,"2024,2026",2
3272,南京艺术学院,"2021,2022,2024,2026",4
3273,南京邮电大学(一流学科建设高校),2021,1
3273,南京邮电大学（一流学科建设高校）,2022,1
3273,南京邮电大学,"2024,2026",2
3274,南京邮电大学通达学院(独立学院),"2021,2022",2
3274,南京邮电大学通达学院,"2024,2026",2
3275,南京中医药大学(一流学科建设高校),2021,1
3275,南京中医药大学（一流学科建设高校）,2022,1
3275,南京中医药大学,"2024,2026",2
3276,南通大学,"2021,2022,2024,2026",4
3277,南通大学杏林学院(独立学院),"2021,2022",2
3277,南通大学杏林学院,"2024,2026",2
3278,南通科技职业学院,"2021,2026",2
3279,南通职业大学,"2021,2022,2024,2026",4
3280,三江学院(民办),"2021,2022",2
3280,三江学院,"2024,2026",2
3281,苏州大学(一流学科建设高校),2021,1
3281,苏州大学（一流学科建设高校）,2022,1
3281,苏州大学,"2024,2026",2
3282,苏州城市学院,"2021,2022,2024,2026",4
3283,苏州大学应用技术学院(独立学院),"2021,2022",2
3283,苏州大学应用技术学院,"2024,2026",2
3286,苏州工业园区职业技术学院,"2021,2022",2
3288,苏州科技大学,"2021,2022,2024,2026",4
3289,苏州农业职业技术学院,"2021,2022,2024,2026",4
3291,苏州卫生职业技术学院,"2021,2022,2024,2026",4
3292,苏州职业大学,"2021,2022,2024",3
3292,苏州职业技术大学,2026,1
3293,无锡城市职业技术学院,"2021,2022,2024,2026",4
3296,无锡商业职业技术学院,"2022,2024,2026",3
3297,西交利物浦大学(中外合作办学),"2021,2022",2
3297,西交利物浦大学,"2024,2026",2
3298,徐州工程学院,"2021,2022,2024,2026",4
3299,江苏建筑职业技术学院,"2021,2022",2
3299,江苏建筑职业技术大学,2026,1
3301,江苏师范大学,"2021,2022,2024,2026",4
3302,江苏师范大学科文学院(独立学院),"2021,2022",2
3302,江苏师范大学科文学院,"2024,2026",2
3303,徐州医科大学,"2021,2022,2024,2026",4
3304,盐城工学院,"2021,2022,2024,2026",4
3305,盐城师范学院,"2021,2022,2024,2026",4
3306,扬州大学,"2021,2022,2024,2026",4
3307,扬州大学广陵学院(独立学院),"2021,2022",2
3307,扬州大学广陵学院,"2024,2026",2
3308,扬州工业职业技术学院,"2024,2026",2
3310,扬州市职业大学,"2021,2022,2024",3
3310,扬州职业技术大学,2026,1
3312,镇江市高等专科学校,"2021,2022,2024,2026",4
3313,正德职业技术学院,2024,1
3314,南京传媒学院,"2024,2026",2
3315,中国矿业大学(一流学科建设高校),2021,1
3315,中国矿业大学（一流学科建设高校）,2022,1
3315,中国矿业大学,"2024,2026",2
3316,中国药科大学(一流学科建设高校),2021,1
3316,中国药科大学（一流学科建设高校）,2022,1
3316,中国药科大学,"2024,2026",2
3317,钟山职业技术学院,2024,1
3318,南通理工学院(民办),"2021,2022",2
3318,南通理工学院,"2024,2026",2
3321,无锡工艺职业技术学院,"2021,2022,2024,2026",4
3322,苏州工业园区服务外包职业学院,"2024,2026",2
3323,苏州科技大学天平学院(独立学院),"2021,2022",2
3323,苏州科技大学天平学院,"2024,2026",2
3325,中国人民大学(苏州校区)(一流大学建设高校),2021,1
3325,中国人民大学(苏州校区)（一流大学建设高校）,2022,1
3325,中国人民大学(苏州校区),"2024,2026",2
3326,江苏科技大学苏州理工学院(独立学院),"2021,2022",2
3326,江苏科技大学苏州理工学院,"2024,2026",2
3336,常州工程职业技术学院,"2021,2022,2024,2026",4
3337,徐州生物工程职业技术学院,"2022,2024,2026",3
3338,扬州中瑞酒店职业学院,2026,1
3339,江苏航空职业技术学院,"2021,2022,2024,2026",4
3340,九州职业技术学院(民办),2022,1
3341,江苏航运职业技术学院,"2021,2026",2
3345,连云港职业技术学院,2026,1
3346,江苏电子信息职业学院,2021,1
3347,苏州信息职业技术学院,"2021,2022",2
3348,江苏护理职业学院,"2021,2022,2024,2026",4
3349,江苏安全技术职业学院,2021,1
3350,江苏卫生健康职业学院,"2021,2022,2024,2026",4
3351,南京城市职业学院,"2021,2022,2024,2026",4
3352,江苏旅游职业学院,"2021,2026",2
3353,连云港师范高等专科学校,"2021,2022,2024",3
3353,连云港师范学院,2026,1
3355,苏州工业职业技术学院,"2024,2026",2
3356,徐州幼儿师范高等专科学校,"2022,2024",2
3357,江苏医药职业学院,"2024,2026",2
3358,宿迁学院,"2024,2026",2
3360,江苏第二师范学院,2024,1
3361,南通师范高等专科学校,"2024,2026",2
3362,盐城幼儿师范高等专科学校,"2024,2026",2
3364,常州铁道职业技术学院,2026,1
3401,安徽财经大学,"2021,2022,2024,2026",4
3402,蚌埠工商学院(民办),"2021,2022",2
3402,蚌埠工商学院,"2024,2026",2
3404,安徽大学(一流学科建设高校),2021,1
3404,安徽大学（一流学科建设高校）,2022,1
3404,安徽大学,"2024,2026",2
3406,安徽工程大学,"2021,2022,2024,2026",4
3407,安徽信息工程学院(民办),"2021,2022",2
3407,安徽信息工程学院,"2024,2026",2
3409,安徽工商职业学院,2021,1
3410,安徽工业大学,"2021,2022,2024,2026",4
3411,马鞍山学院(民办),"2021,2022",2
3411,马鞍山学院,"2024,2026",2
3415,安徽机电职业技术学院,2021,1
3416,安徽建筑大学,"2021,2022,2024,2026",4
3417,合肥城市学院(民办),"2021,2022",2
3417,合肥城市学院,"2024,2026",2
3419,安徽警官职业学院,"2022,2024,2026",3
3420,安徽科技学院,"2021,2022,2024",3
3420,安徽科技工程大学,2026,1
3421,安徽理工大学,"2021,2022,2024,2026",4
3422,安徽农业大学,"2021,2022,2024,2026",4
3423,安徽应用技术职业大学,2026,1
3424,安徽审计职业学院,"2024,2026",2
3425,安徽师范大学,"2021,2022,2024,2026",4
3426,安徽师范大学皖江学院(独立学院),"2021,2022",2
3426,芜湖学院,"2024,2026",2
3429,安徽医科大学,"2021,2022,2024,2026",4
3430,安徽医科大学临床医学院,"2024,2026",2
3431,安徽医学高等专科学校,"2021,2022,2024",3
3431,安徽第二医学院,2026,1
3432,安徽职业技术学院,2022,1
3432,安徽职业技术大学,2026,1
3434,安徽中医药大学,"2021,2022,2024,2026",4
3435,安徽中医药高等专科学校,"2021,2022,2024,2026",4
3436,安庆师范大学,"2021,2022,2024,2026",4
3437,蚌埠学院,"2021,2022,2024,2026",4
3438,蚌埠医学院,"2021,2022",2
3438,蚌埠医科大学,"2024,2026",2
3439,巢湖学院,"2021,2022,2024,2026",4
3440,合肥职业技术学院,"2021,2022,2024,2026",4
3441,池州学院,"2021,2022,2024,2026",4
3442,滁州学院,"2021,2022,2024,2026",4
3443,阜阳师范大学,"2021,2022,2024,2026",4
3444,阜阳师范大学信息工程学院(独立学院),2021,1
3444,阜阳理工学院,"2024,2026",2
3445,合肥工业大学(一流学科建设高校),2021,1
3445,合肥工业大学（一流学科建设高校）,2022,1
3445,合肥工业大学,"2024,2026",2
3446,合肥学院,"2021,2022",2
3446,合肥大学,"2024,2026",2
3447,皖江工学院(民办),"2021,2022",2
3447,皖江工学院,"2024,2026",2
3448,淮北师范大学,"2021,2022,2024,2026",4
3449,淮北职业技术学院,"2021,2022,2024,2026",4
3450,淮南联合大学,"2021,2022,2024,2026",4
3451,淮南师范学院,"2021,2022,2024,2026",4
3453,皖南医学院,"2021,2022,2024",3
3453,皖南医科大学,2026,1
3454,芜湖职业技术学院,"2021,2022,2024",3
3454,芜湖职业技术大学,2026,1
3455,中国科学技术大学(一流大学建设高校),2021,1
3455,中国科学技术大学（一流大学建设高校）,2022,1
3455,中国科学技术大学,"2024,2026",2
3456,黄山学院,"2021,2022,2024,2026",4
3457,合肥工业大学(宣城校区)(一流学科建设高校),2021,1
3457,合肥工业大学(宣城校区)（一流学科建设高校）,2022,1
3457,合肥工业大学(宣城校区),"2024,2026",2
3458,安徽大学江淮学院(独立学院),"2021,2022",2
3461,黄山职业技术学院,"2022,2024,2026",3
3473,合肥师范学院,2026,1
3474,安徽交通职业技术学院,"2022,2024,2026",3
3475,合肥幼儿师范高等专科学校,"2022,2024,2026",3
3477,皖西卫生职业学院,"2021,2022,2024",3
3478,铜陵职业技术学院,"2022,2024,2026",3
3481,安徽新闻出版职业技术学院,2026,1
3482,安徽粮食工程职业学院,2022,1
3483,安徽卫生健康职业学院,"2022,2024",2
3487,安徽新华学院,"2024,2026",2
3501,福建电力职业技术学院,"2021,2022,2024,2026",4
3503,福建工程学院,"2021,2022",2
3503,福建理工大学,"2024,2026",2
3504,福建船政交通职业学院,2026,1
3507,福建农林大学,"2021,2022,2024,2026",4
3511,福建师范大学,"2021,2022,2024,2026",4
3512,福建师范大学协和学院(独立学院),"2021,2022",2
3512,福建师范大学协和学院,"2024,2026",2
3515,福建医科大学,"2021,2022,2024,2026",4
3516,福建中医药大学,"2021,2022,2024,2026",4
3517,福州大学(一流学科建设高校),2021,1
3517,福州大学（一流学科建设高校）,2022,1
3517,福州大学,"2024,2026",2
3518,阳光学院(民办),"2021,2022",2
3518,阳光学院,"2024,2026",2
3519,福州大学至诚学院(独立学院),"2021,2022",2
3519,福州大学至诚学院,"2024,2026",2
3520,福州理工学院(民办),"2021,2022",2
3520,福州理工学院,"2024,2026",2
3521,福州外语外贸学院(民办),"2021,2022",2
3521,福州外语外贸学院,"2024,2026",2
3522,福州职业技术学院,"2021,2024",2
3522,福州职业技术大学,2026,1
3523,华侨大学,"2021,2022,2024,2026",4
3524,集美大学,"2021,2022,2024,2026",4
3526,集美大学诚毅学院(独立学院),"2021,2022",2
3526,集美大学诚毅学院,"2024,2026",2
3528,龙岩学院,"2021,2022,2024,2026",4
3529,闽江学院,"2021,2022,2024",3
3529,闽江大学,2026,1
3530,闽南理工学院(民办),"2021,2022",2
3530,闽南理工学院,"2024,2026",2
3532,宁德职业技术学院,"2021,2022,2024,2026",4
3534,泉州华光职业学院(民办),2021,1
3536,泉州职业技术大学(民办),"2021,2022",2
3536,泉州职业技术大学,"2024,2026",2
3537,泉州师范学院,"2021,2022,2024,2026",4
3538,泉州信息工程学院(民办),"2021,2022",2
3538,泉州信息工程学院,"2024,2026",2
3539,泉州医学高等专科学校,"2021,2022",2
3540,三明学院,"2021,2022,2024,2026",4
3541,武夷学院,"2021,2022,2024,2026",4
3542,厦门城市职业学院,"2021,2022,2024,2026",4
3543,厦门大学(一流大学建设高校),2021,1
3543,厦门大学（一流大学建设高校）,2022,1
3543,厦门大学,"2024,2026",2
3544,厦门大学嘉庚学院(独立学院),"2021,2022",2
3544,厦门大学嘉庚学院,"2024,2026",2
3545,厦门海洋职业技术学院,"2021,2022,2024,2026",4
3547,厦门华厦学院(民办),"2021,2022",2
3547,厦门华厦学院,"2024,2026",2
3548,厦门理工学院,"2021,2022,2024,2026",4
3553,闽南师范大学,"2021,2022,2024,2026",4
3555,泉州海洋职业学院(民办),2021,1
3561,泉州轻工职业学院,2024,1
3562,福州墨尔本理工职业学院(中外合作办学),"2021,2022",2
3563,厦门大学（马来西亚分校招生专业）(一流大学建设高校),2021,1
3563,厦门大学（马来西亚分校招生专业）（一流大学建设高校）,2022,1
3563,厦门大学(马来西亚分校招生专业),"2024,2026",2
3564,仰恩大学(民办),"2021,2022",2
3564,仰恩大学,"2024,2026",2
3574,厦门医学院,2026,1
3575,宁德师范学院,2026,1
3592,厦门工学院,2026,1
3601,东华理工大学,"2021,2022,2024,2026",4
3602,赣东学院,"2021,2022,2024,2026",4
3603,赣南师范大学,"2021,2022,2024,2026",4
3604,赣南医学院,"2021,2022",2
3604,赣南医科大学,"2024,2026",2
3605,华东交通大学,"2021,2022,2024,2026",4
3606,南昌交通学院(民办),"2021,2022",2
3606,南昌交通学院,"2024,2026",2
3607,江西财经大学,"2021,2022,2024,2026",4
3608,江西财经大学现代经济管理学院(独立学院),"2021,2022",2
3608,江西财经大学现代经济管理学院,"2024,2026",2
3609,江西财经职业学院,"2024,2026",2
3610,江西应用科技学院(民办),"2021,2022",2
3610,江西应用科技学院,"2024,2026",2
3611,南昌职业大学(民办),2021,1
3611,南昌职业大学,"2024,2026",2
3612,江西电力职业技术学院,"2021,2022,2024,2026",4
3613,江西服装学院(民办),"2021,2022",2
3613,江西服装学院,"2024,2026",2
3614,南昌工学院(民办),"2021,2022",2
3614,南昌工学院,"2024,2026",2
3618,江西交通职业技术学院,"2024,2026",2
3619,江西科技师范大学,"2021,2022,2024,2026",4
3620,南昌应用技术师范学院(民办),"2021,2022",2
3620,南昌应用技术师范学院,"2024,2026",2
3621,江西科技学院(民办),"2021,2022",2
3621,江西科技学院,"2024,2026",2
3622,江西理工大学,"2021,2022,2024,2026",4
3623,赣南科技学院,"2021,2022,2024,2026",4
3625,江西农业大学,"2021,2022,2024,2026",4
3626,江西农业大学南昌商学院(独立学院),"2021,2022",2
3626,江西农业大学南昌商学院,"2024,2026",2
3627,江西师范大学,"2021,2022,2024,2026",4
3628,江西师范大学科学技术学院(独立学院),"2021,2022",2
3628,江西师范大学科学技术学院,"2024,2026",2
3629,江西司法警官职业学院,"2021,2022,2024,2026",4
3630,江西外语外贸职业大学,2026,1
3632,江西现代职业技术学院,2026,1
3633,江西信息应用职业技术学院,"2021,2022",2
3637,江西中医药大学,"2021,2022,2024,2026",4
3638,南昌医学院,"2021,2022,2024,2026",4
3639,江西中医药高等专科学校,"2021,2022,2024",3
3639,抚州医药学院,2026,1
3640,井冈山大学,"2021,2022,2024,2026",4
3641,景德镇学院,"2021,2022,2024,2026",4
3642,景德镇陶瓷大学,"2021,2022,2024,2026",4
3643,景德镇艺术职业大学(民办),"2021,2022",2
3643,景德镇艺术职业大学,"2024,2026",2
3644,九江学院,"2021,2022,2024,2026",4
3645,九江职业技术学院,2022,1
3645,江西职业技术大学,"2024,2026",2
3646,南昌大学(一流学科建设高校),2021,1
3646,南昌大学（一流学科建设高校）,2022,1
3646,南昌大学,"2024,2026",2
3647,南昌大学科学技术学院(独立学院),"2021,2022",2
3647,南昌大学科学技术学院,"2024,2026",2
3648,南昌工程学院,"2021,2022,2024",3
3648,江西水利电力大学,2026,1
3649,南昌航空大学,"2021,2022,2024,2026",4
3650,南昌航空大学科技学院(独立学院),"2021,2022",2
3650,南昌航空大学科技学院,"2024,2026",2
3651,南昌理工学院(民办),"2021,2022",2
3651,南昌理工学院,"2024,2026",2
3652,豫章师范学院,"2021,2022,2024,2026",4
3653,萍乡学院,"2021,2022,2024,2026",4
3654,上饶师范学院,"2021,2022,2024,2026",4
3656,新余学院,"2021,2022,2024,2026",4
3657,宜春学院,"2021,2022,2024,2026",4
3659,江西青年职业学院,"2021,2024",2
3660,江西工程学院,"2024,2026",2
3663,江西应用技术职业学院,"2022,2024,2026",3
3666,九江职业大学,"2021,2022,2024",3
3669,江西医学高等专科学校,"2021,2022,2024,2026",4
3679,江西水利职业学院,"2021,2022,2024",3
3681,江西航空职业技术学院(民办),2021,1
3682,赣州师范高等专科学校,"2021,2022,2024",3
3683,宜春幼儿师范高等专科学校,"2021,2022,2024",3
3685,江西师范高等专科学校,"2021,2022,2024,2026",4
3687,萍乡卫生职业学院,"2021,2022,2024,2026",4
3689,江西机电职业技术学院,2026,1
3690,南昌师范学院,"2021,2022,2024,2026",4
3695,景德镇陶瓷职业技术学院,2024,1
3697,抚州幼儿师范高等专科学校,2022,1
3699,江西生物科技职业学院,"2024,2026",2
3701,滨州学院,"2021,2022",2
3701,山东航空学院,"2024,2026",2
3702,滨州医学院,"2021,2022,2024",3
3702,山东医药大学,2026,1
3703,德州学院,"2021,2022,2024,2026",4
3704,东营职业学院,"2021,2022",2
3705,济南大学,"2021,2022,2024,2026",4
3706,烟台科技学院(民办),"2021,2022",2
3706,烟台科技学院,"2024,2026",2
3708,山东职业学院,"2022,2024,2026",3
3709,济宁医学院,"2021,2022,2024,2026",4
3710,聊城大学,"2021,2022,2024,2026",4
3711,临沂大学,"2021,2022,2024,2026",4
3712,鲁东大学,"2021,2022,2024,2026",4
3713,青岛滨海学院(民办),"2021,2022",2
3713,青岛滨海学院,"2024,2026",2
3714,青岛大学,"2021,2022,2024,2026",4
3717,青岛恒星科技学院(民办),"2021,2022",2
3717,青岛恒星科技学院,"2024,2026",2
3718,青岛酒店管理职业技术学院,2024,1
3719,青岛科技大学,"2021,2022,2024,2026",4
3720,青岛理工大学,"2021,2022,2024,2026",4
3721,青岛农业大学,"2021,2022,2024,2026",4
3722,青岛农业大学海都学院(独立学院),"2021,2022",2
3722,青岛农业大学海都学院,"2024,2026",2
3723,青岛求实职业技术学院(民办),"2021,2022",2
3724,青岛职业技术学院,2022,1
3725,曲阜师范大学,"2021,2022,2024,2026",4
3726,齐鲁理工学院(民办),"2021,2022",2
3726,齐鲁理工学院,"2024,2026",2
3727,日照职业技术学院,"2021,2022,2024",3
3727,日照职业技术大学,2026,1
3728,山东财经大学,"2021,2022,2024,2026",4
3729,山东财经大学东方学院(独立学院),"2021,2022",2
3729,山东财经大学东方学院,"2024,2026",2
3731,山东大学(一流大学建设高校),2021,1
3731,山东大学（一流大学建设高校）,2022,1
3731,山东大学,"2024,2026",2
3732,山东大学威海分校(一流大学建设高校),2021,1
3732,山东大学威海分校（一流大学建设高校）,2022,1
3732,山东大学威海分校,"2024,2026",2
3734,山东工商学院,"2021,2022,2024,2026",4
3735,山东工艺美术学院,"2021,2022,2024,2026",4
3737,山东建筑大学,"2021,2022,2024,2026",4
3738,山东交通学院,"2021,2022,2024,2026",4
3742,山东科技大学,"2021,2022,2024,2026",4
3743,山东理工大学,"2021,2022,2024,2026",4
3744,山东力明科技职业学院(民办),"2021,2022",2
3744,山东力明科技职业学院,"2024,2026",2
3745,山东农业大学,"2021,2022,2024,2026",4
3746,齐鲁工业大学,"2021,2022,2024,2026",4
3747,山东商业职业技术学院,"2021,2022,2024",3
3748,山东师范大学,"2021,2022,2024,2026",4
3750,齐鲁医药学院(民办),"2021,2022",2
3750,齐鲁医药学院,"2024,2026",2
3751,山东现代学院(民办),"2021,2022",2
3751,山东现代学院,"2024,2026",2
3752,山东协和学院(民办),"2021,2022",2
3752,山东协和学院,"2024,2026",2
3754,山东畜牧兽医职业学院,"2021,2022,2024,2026",4
3755,山东医学高等专科学校,"2021,2022,2024,2026",4
3756,山东英才学院(民办),"2021,2022",2
3756,山东英才学院,"2024,2026",2
3757,泰山学院,"2021,2022,2024,2026",4
3758,潍坊学院,"2021,2022,2024,2026",4
3759,潍坊医学院,"2021,2022",2
3759,山东第二医科大学,"2024,2026",2
3760,烟台大学,"2021,2022,2024,2026",4
3761,烟台南山学院(民办),"2021,2022",2
3761,烟台南山学院,"2024,2026",2
3762,枣庄学院,"2021,2022,2024,2026",4
3763,中国海洋大学(一流大学建设高校),2021,1
3763,中国海洋大学（一流大学建设高校）,2022,1
3763,中国海洋大学,"2024,2026",2
3764,青岛工学院(民办),"2021,2022",2
3764,青岛工学院,"2024,2026",2
3765,中国石油大学(华东)(一流学科建设高校),2021,1
3765,中国石油大学(华东)（一流学科建设高校）,2022,1
3765,中国石油大学(华东),"2024,2026",2
3766,山东石油化工学院,"2021,2022,2024,2026",4
3767,山东艺术学院,"2024,2026",2
3768,青岛城市学院(民办),"2021,2022",2
3768,青岛城市学院,"2024,2026",2
3769,山东工程职业技术大学(民办),"2021,2022",2
3769,山东工程职业技术大学,"2024,2026",2
3770,山东中医药大学,"2021,2022,2024,2026",4
3771,青岛电影学院(民办),"2021,2022",2
3771,青岛电影学院,"2024,2026",2
3773,青岛黄海学院(民办),"2021,2022",2
3773,青岛黄海学院,"2024,2026",2
3775,山东第一医科大学,"2021,2022,2024,2026",4
3778,北京交通大学(威海校区)(一流学科建设高校),2021,1
3778,北京交通大学(威海校区)（一流学科建设高校）,2022,1
3778,北京交通大学(威海校区),"2024,2026",2
3781,山东电力高等专科学校,"2021,2022,2024",3
3783,山东中医药高等专科学校,2026,1
3784,泰山科技学院,"2024,2026",2
3802,赣南卫生健康职业学院,2024,1
3807,宜春职业技术学院,"2024,2026",2
3809,上饶卫生健康职业学院,2024,1
3812,南昌健康职业技术学院,2026,1
3814,江西飞行学院,2026,1
4001,长江大学,"2021,2022,2024,2026",4
4003,长江工程职业技术学院,2021,1
4006,鄂州职业大学,"2021,2022,2024,2026",4
4007,恩施职业技术学院,"2021,2022,2024",3
4009,湖北财税职业学院,2026,1
4010,湖北城市建设职业技术学院,2026,1
4011,湖北大学,"2021,2022,2024,2026",4
4012,湖北大学知行学院(独立学院),"2021,2022",2
4012,湖北大学知行学院,"2024,2026",2
4013,湖北第二师范学院,"2021,2022,2024,2026",4
4014,湖北工业大学,"2021,2022,2024,2026",4
4015,湖北工业大学工程技术学院(独立学院),"2021,2022",2
4015,湖北工业大学工程技术学院,"2024,2026",2
4016,湖北商贸学院(民办),"2021,2022",2
4016,湖北商贸学院,"2024,2026",2
4018,湖北交通职业技术学院,2022,1
4019,湖北经济学院,"2021,2022,2024,2026",4
4020,湖北经济学院法商学院(独立学院),"2021,2022",2
4020,湖北经济学院法商学院,"2024,2026",2
4021,湖北美术学院,"2024,2026",2
4022,湖北民族大学,"2021,2022,2024,2026",4
4023,湖北汽车工业学院,"2021,2022,2024,2026",4
4024,湖北汽车工业学院科技学院(独立学院),"2021,2022",2
4025,湖北轻工职业技术学院,"2021,2024",2
4026,湖北三峡职业技术学院,"2021,2022,2024",3
4026,湖北三峡职业技术大学,2026,1
4028,湖北生物科技职业学院,"2021,2022,2024,2026",4
4029,湖北师范大学,"2021,2022,2024,2026",4
4030,湖北水利水电职业技术学院,"2022,2026",2
4031,湖北职业技术学院,"2021,2022,2024,2026",4
4032,湖北中医药大学,"2021,2022,2024,2026",4
4033,湖北中医药高等专科学校,"2021,2022,2024,2026",4
4034,华中科技大学(一流大学建设高校),2021,1
4034,华中科技大学（一流大学建设高校）,2022,1
4034,华中科技大学,"2024,2026",2
4035,文华学院(民办),"2021,2022",2
4035,文华学院,"2024,2026",2
4036,武昌首义学院(民办),"2021,2022",2
4036,武昌首义学院,"2024,2026",2
4037,华中农业大学(一流学科建设高校),2021,1
4037,华中农业大学（一流学科建设高校）,2022,1
4037,华中农业大学,"2024,2026",2
4038,武汉设计工程学院(民办),"2021,2022",2
4038,武汉设计工程学院,"2024,2026",2
4039,华中师范大学(一流学科建设高校),2021,1
4039,华中师范大学（一流学科建设高校）,2022,1
4039,华中师范大学,"2024,2026",2
4040,汉口学院(民办),"2021,2022",2
4040,汉口学院,"2024,2026",2
4042,黄冈职业技术学院,"2021,2022,2024",3
4042,黄冈职业技术大学,2026,1
4043,湖北理工学院,"2021,2022,2024,2026",4
4045,荆楚理工学院,"2021,2022,2024,2026",4
4047,荆州职业技术学院,"2021,2022,2024,2026",4
4048,三峡大学,"2021,2022,2024,2026",4
4049,三峡大学科技学院(独立学院),"2021,2022",2
4049,三峡大学科技学院,"2024,2026",2
4050,三峡电力职业学院,"2021,2024,2026",3
4051,荆州理工职业学院,"2022,2024",2
4053,随州职业技术学院,"2021,2022",2
4054,武汉船舶职业技术学院,"2024,2026",2
4055,武汉大学(一流大学建设高校),2021,1
4055,武汉大学（一流大学建设高校）,2022,1
4055,武汉大学,"2024,2026",2
4056,武汉晴川学院(民办),"2021,2022",2
4056,武汉晴川学院,"2024,2026",2
4058,武汉工程大学,"2021,2022,2024,2026",4
4059,武汉工程大学邮电与信息工程学院(独立学院),"2021,2022",2
4059,武汉工程大学邮电与信息工程学院,"2024,2026",2
4060,武汉工程职业技术学院,"2021,2022,2024",3
4061,武汉轻工大学,"2021,2022,2024,2026",4
4062,武昌工学院(民办),"2021,2022",2
4062,武昌工学院,"2024,2026",2
4065,武汉交通职业学院,2024,1
4066,武汉警官职业学院,"2021,2022,2024,2026",4
4067,武汉科技大学,"2021,2022,2024,2026",4
4068,武汉城市学院(民办),"2021,2022",2
4068,武汉城市学院,"2024,2026",2
4069,武昌理工学院(民办),"2021,2022",2
4069,武昌理工学院,"2024,2026",2
4070,武汉纺织大学,"2021,2022,2024,2026",4
4071,武汉纺织大学外经贸学院(独立学院),"2021,2022",2
4071,武汉纺织大学外经贸学院,"2024,2026",2
4072,武汉理工大学(一流学科建设高校),2021,1
4072,武汉理工大学（一流学科建设高校）,2022,1
4072,武汉理工大学,"2024,2026",2
4073,武汉华夏理工学院(民办),"2021,2022",2
4073,武汉华夏理工学院,"2024,2026",2
4074,武汉民政职业学院,"2022,2024,2026",3
4075,武汉软件工程职业学院,"2021,2022,2024,2026",4
4077,武汉商学院,"2021,2022,2024",3
4078,武汉生物工程学院(民办),"2021,2022",2
4078,武汉生物工程学院,"2024,2026",2
4079,武汉体育学院,"2021,2022,2024,2026",4
4080,武汉铁路职业技术学院,"2021,2022,2024,2026",4
4081,武汉外语外事职业学院(民办),2022,1
4081,武汉外语外事职业学院,2024,1
4084,武汉职业技术学院,"2021,2022,2024",3
4084,武汉职业技术大学,2026,1
4085,仙桃职业学院,"2021,2022,2024",3
4086,湖北科技学院,"2021,2022,2024,2026",4
4087,咸宁职业技术学院,"2021,2022,2024",3
4088,湖北文理学院,"2021,2022,2024,2026",4
4089,襄阳职业技术学院,"2021,2022,2024",3
4089,襄阳职业技术大学,2026,1
4090,湖北工程学院,"2021,2022,2024,2026",4
4091,汉江师范学院,"2021,2022,2024,2026",4
4092,湖北医药学院,"2021,2022,2024,2026",4
4093,中国地质大学(武汉)(一流学科建设高校),2021,1
4093,中国地质大学(武汉)（一流学科建设高校）,2022,1
4093,中国地质大学(武汉),"2024,2026",2
4094,武汉工程科技学院(民办),"2021,2022",2
4094,武汉工程科技学院,"2024,2026",2
4095,中南财经政法大学(一流学科建设高校),2021,1
4095,中南财经政法大学（一流学科建设高校）,2022,1
4095,中南财经政法大学,"2024,2026",2
4096,中南民族大学,"2021,2022,2024,2026",4
4097,武汉工商学院(民办),"2021,2022",2
4097,武汉工商学院,"2024,2026",2
4099,江汉大学,"2021,2022,2024,2026",4
4110,湖北医药学院药护学院(独立学院),"2021,2022",2
4110,湖北医药学院药护学院,"2024,2026",2
4111,武汉城市职业学院,"2021,2022,2024,2026",4
4112,武汉传媒学院(民办),2021,1
4112,武汉传媒学院,"2024,2026",2
4114,长江大学文理学院(独立学院),"2021,2022",2
4114,长江大学文理学院,"2024,2026",2
4116,湖北铁道运输职业学院,"2024,2026",2
4117,武汉东湖学院,"2024,2026",2
4120,武汉铁路桥梁职业学院,2024,1
4201,安阳工学院,"2021,2022,2024,2026",4
4202,安阳师范学院,"2021,2022,2024,2026",4
4203,河南财经政法大学,"2021,2022,2024,2026",4
4204,郑州商学院(民办),"2021,2022",2
4204,郑州商学院,"2024,2026",2
4206,河南大学(一流学科建设高校),2021,1
4206,河南大学（一流学科建设高校）,2022,1
4206,河南大学,"2024,2026",2
4207,河南开封科技传媒学院(民办),"2021,2022",2
4207,河南开封科技传媒学院,"2024,2026",2
4208,河南工业大学,"2021,2022,2024,2026",4
4210,河南检察职业学院,"2021,2022,2024,2026",4
4211,河南科技大学,"2021,2022,2024,2026",4
4212,河南理工大学,"2021,2022,2024,2026",4
4213,郑州工商学院(民办),"2021,2022",2
4213,郑州工商学院,"2024,2026",2
4214,河南农业大学,"2021,2022,2024,2026",4
4216,河南师范大学,"2021,2022,2024,2026",4
4217,河南中医药大学,"2021,2022,2024,2026",4
4218,华北水利水电大学,"2021,2022,2024,2026",4
4219,黄河科技学院(民办),"2021,2022",2
4219,黄河科技学院,"2024,2026",2
4220,黄河水利职业技术学院,"2021,2022,2024",3
4220,黄河水利职业技术大学,2026,1
4221,黄淮学院,"2021,2022,2024,2026",4
4222,焦作大学,"2021,2022,2024,2026",4
4223,焦作师范高等专科学校,"2021,2022,2024,2026",4
4224,开封大学,"2021,2022,2024,2026",4
4225,洛阳理工学院,"2021,2022,2024,2026",4
4226,洛阳师范学院,"2021,2022,2024,2026",4
4227,漯河医学高等专科学校,"2021,2022,2024,2026",4
4228,南阳理工学院,"2021,2022,2024,2026",4
4229,南阳师范学院,"2021,2022,2024,2026",4
4230,河南城建学院,"2021,2022,2024,2026",4
4232,新乡学院,"2021,2022,2024,2026",4
4233,新乡医学院,"2021,2022,2024",3
4233,河南医药大学,2026,1
4234,信阳师范学院,"2021,2022",2
4234,信阳师范大学,"2024,2026",2
4235,许昌学院,"2021,2022,2024,2026",4
4236,郑州大学(一流大学建设高校),2021,1
4236,郑州大学（一流大学建设高校）,2022,1
4236,郑州大学,"2024,2026",2
4237,郑州航空工业管理学院,"2021,2022,2024,2026",4
4240,河南牧业经济学院,"2021,2022,2024,2026",4
4241,郑州轻工业大学,"2021,2022,2024,2026",4
4243,郑州铁路职业技术学院,"2021,2022",2
4243,郑州铁路职业技术大学,2026,1
4244,中原工学院,"2021,2022,2024,2026",4
4245,郑州经贸学院(民办),"2021,2022",2
4245,郑州经贸学院,"2024,2026",2
4246,郑州工程技术学院,"2021,2022,2024,2026",4
4247,周口师范学院,"2021,2022,2024,2026",4
4248,郑州工业应用技术学院(民办),2021,1
4248,郑州工业应用技术学院,"2024,2026",2
4249,商丘师范学院,"2021,2022,2024,2026",4
4250,河南工程学院,"2021,2022,2024,2026",4
4253,河南科技学院,"2021,2022,2024,2026",4
4254,商丘医学高等专科学校,"2021,2022,2024,2026",4
4260,商丘工学院(民办),"2021,2022",2
4260,商丘工学院,"2024,2026",2
4262,信阳农林学院,"2021,2022,2024,2026",4
4263,河南经贸职业学院,"2021,2022",2
4264,洛阳职业技术学院,"2021,2022,2024,2026",4
4265,平顶山学院,"2021,2022,2024,2026",4
4266,郑州西亚斯学院(民办),"2021,2022",2
4266,郑州西亚斯学院,"2024,2026",2
4267,郑州财经学院(民办),"2021,2022",2
4267,郑州财经学院,"2024,2026",2
4268,河南工学院,"2021,2022,2024,2026",4
4275,郑州医药健康职业学院,2024,1
4276,河南职业技术学院,"2024,2026",2
4279,郑州电力高等专科学校,2026,1
4283,南阳医学高等专科学校,2026,1
4301,保险职业学院,2021,1
4302,长沙电力职业技术学院,"2021,2022,2024,2026",4
4303,长沙航空职业技术学院,2026,1
4305,长沙理工大学,"2021,2022,2024,2026",4
4306,长沙理工大学城南学院(独立学院),"2021,2022",2
4306,长沙理工大学城南学院,2024,1
4307,长沙民政职业技术学院,"2021,2022,2024,2026",4
4308,长沙学院,"2021,2022,2024,2026",4
4309,长沙医学院(民办),"2021,2022",2
4309,长沙医学院,"2024,2026",2
4310,衡阳师范学院,"2021,2022,2024,2026",4
4311,湖南财政经济学院,"2021,2022,2024,2026",4
4313,湖南城市学院,"2021,2022,2024,2026",4
4314,湖南大学(一流大学建设高校),2021,1
4314,湖南大学（一流大学建设高校）,2022,1
4314,湖南大学,"2024,2026",2
4315,湖南大众传媒职业技术学院,"2021,2022,2024,2026",4
4316,湖南第一师范学院,"2021,2022,2024,2026",4
4317,湖南外贸职业学院,"2021,2022",2
4318,湖南工程学院,"2021,2022,2024,2026",4
4319,湖南工程学院应用技术学院(独立学院),"2021,2022",2
4319,湖南工程学院应用技术学院,2024,1
4320,湖南工程职业技术学院,"2021,2022,2024,2026",4
4321,湖南工学院,"2021,2022,2024,2026",4
4322,湖南工业大学,"2021,2022,2024,2026",4
4323,湖南工业大学科技学院(独立学院),"2021,2022",2
4323,湖南工业大学科技学院,2024,1
4324,湖南工业职业技术学院,"2021,2022,2024",3
4326,湖南环境生物职业技术学院,"2021,2022,2024,2026",4
4328,湖南高速铁路职业技术学院,"2021,2022,2024,2026",4
4329,湖南交通职业技术学院,"2022,2024",2
4330,湖南科技大学,"2021,2022,2024,2026",4
4331,湖南科技大学潇湘学院(独立学院),"2021,2022",2
4331,湖南科技大学潇湘学院,2024,1
4332,湖南科技学院,"2021,2022,2024,2026",4
4333,湖南理工学院,"2021,2022,2024",3
4333,湖南理工大学,2026,1
4334,湖南理工学院南湖学院(独立学院),"2021,2022",2
4334,湖南理工学院南湖学院,2024,1
4334,岳阳学院,2026,1
4335,湖南农业大学,"2021,2022,2024,2026",4
4336,湖南女子学院,"2021,2022,2024,2026",4
4337,湖南人文科技学院,"2021,2022,2024,2026",4
4338,湖南商务职业技术学院,2021,1
4339,湖南工商大学,"2021,2022,2024,2026",4
4340,湘潭理工学院(民办),"2021,2022",2
4340,湘潭理工学院,"2024,2026",2
4341,湖南涉外经济学院(民办),"2021,2022",2
4341,湖南涉外经济学院,"2024,2026",2
4342,湖南师范大学(一流学科建设高校),2021,1
4342,湖南师范大学（一流学科建设高校）,2022,1
4342,湖南师范大学,"2024,2026",2
4344,湖南水利水电职业技术学院,"2024,2026",2
4345,湖南司法警官职业学院,"2021,2022,2024,2026",4
4346,湖南铁道职业技术学院,"2021,2022,2024,2026",4
4347,湖南文理学院,"2021,2022,2024,2026",4
4348,湖南文理学院芙蓉学院(独立学院),"2021,2022",2
4348,湖南文理学院芙蓉学院,2024,1
4348,常德学院,2026,1
4349,湖南信息学院(民办),"2021,2022",2
4349,湖南信息学院,2024,1
4350,湖南信息职业技术学院,"2021,2022,2024,2026",4
4352,湖南中医药大学,"2021,2022,2024,2026",4
4353,湖南中医药大学湘杏学院(独立学院),"2021,2022",2
4353,湖南中医药大学湘杏学院,"2024,2026",2
4354,湖南中医药高等专科学校,"2021,2022,2024,2026",4
4355,怀化学院,"2021,2022,2024,2026",4
4356,吉首大学,"2021,2022,2024,2026",4
4357,吉首大学张家界学院(独立学院),"2021,2022",2
4357,张家界学院,"2024,2026",2
4358,南华大学,"2021,2022,2024,2026",4
4359,南华大学船山学院(独立学院),"2021,2022",2
4359,南华大学船山学院,2024,1
4360,邵阳学院,"2021,2022,2024,2026",4
4361,湘南学院,"2021,2022,2024,2026",4
4362,湘潭大学,"2021,2024,2026",3
4362,湘潭大学（一流学科建设高校）,2022,1
4363,湘潭大学兴湘学院(独立学院),"2021,2022",2
4364,永州职业技术学院,"2021,2022,2024,2026",4
4365,中南大学(一流大学建设高校),2021,1
4365,中南大学（一流大学建设高校）,2022,1
4365,中南大学,"2024,2026",2
4366,中南林业科技大学,"2021,2022,2024,2026",4
4368,湖南铁路科技职业技术学院,"2021,2022,2024",3
4375,湖南三一工业职业技术学院,2024,1
4377,长沙职业技术学院,"2022,2024,2026",3
4382,中南林业科技大学涉外学院,"2024,2026",2
4394,长沙医药健康职业学院,2026,1
4401,北京理工大学珠海学院(独立学院),"2021,2022",2
4402,北京师范大学-香港浸会大学联合国际学院,"2021,2022,2024",3
4402,北师香港浸会大学,2026,1
4403,电子科技大学中山学院(独立学院),"2021,2022",2
4403,电子科技大学中山学院,"2024,2026",2
4404,东莞城市学院(民办),"2021,2022",2
4404,东莞城市学院,"2024,2026",2
4405,广东白云学院(民办),"2021,2022",2
4405,广东白云学院,"2024,2026",2
4406,广东工业大学,"2021,2022,2024,2026",4
4408,广东金融学院,"2021,2022,2024,2026",4
4409,广东培正学院(民办),"2021,2022",2
4409,广东培正学院,"2024,2026",2
4412,广东外语外贸大学,"2021,2022,2024,2026",4
4414,广东药科大学,"2021,2022,2024,2026",4
4416,广州应用科技学院(民办),2022,1
4416,广州应用科技学院,"2024,2026",2
4417,广州工商学院(民办),"2021,2022",2
4417,广州工商学院,"2024,2026",2
4418,广州航海学院,"2022,2026",2
4419,广州美术学院,"2021,2022,2024",3
4420,广州民航职业技术学院,"2021,2022,2024,2026",4
4421,广州体育学院,"2021,2022,2024,2026",4
4422,广州医科大学,"2021,2024,2026",3
4422,广州医科大学（一流学科建设高校）,2022,1
4423,广州中医药大学(一流学科建设高校),2021,1
4423,广州中医药大学（一流学科建设高校）,2022,1
4423,广州中医药大学,"2024,2026",2
4424,华南理工大学(一流大学建设高校),2021,1
4424,华南理工大学（一流大学建设高校）,2022,1
4424,华南理工大学,"2024,2026",2
4425,华南农业大学,"2021,2024,2026",3
4425,华南农业大学（一流学科建设高校）,2022,1
4426,华南师范大学(一流学科建设高校),2021,1
4426,华南师范大学（一流学科建设高校）,2022,1
4426,华南师范大学,"2024,2026",2
4427,珠海科技学院(民办),"2021,2022",2
4427,珠海科技学院,"2024,2026",2
4428,暨南大学(一流学科建设高校),2021,1
4428,暨南大学（一流学科建设高校）,2022,1
4428,暨南大学,"2024,2026",2
4429,广东石油化工学院,"2021,2022,2024,2026",4
4430,广东南华工商职业学院,"2021,2022,2024,2026",4
4431,南方医科大学,"2021,2022,2024,2026",4
4433,汕头大学,"2021,2022,2024,2026",4
4435,星海音乐学院,"2021,2022,2024,2026",4
4436,中山大学(一流大学建设高校),2021,1
4436,中山大学（一流大学建设高校）,2022,1
4436,中山大学,"2024,2026",2
4438,珠海艺术职业学院(民办),2021,1
4440,深圳大学,"2021,2022,2024,2026",4
4441,广东医科大学,"2021,2022,2024,2026",4
4443,南方科技大学,2026,1
4445,广东海洋大学,"2021,2022,2024,2026",4
4450,韶关学院,"2021,2022,2024,2026",4
4451,东莞理工学院,"2021,2022,2024,2026",4
4452,广东理工学院(民办),"2021,2022",2
4452,广东理工学院,"2024,2026",2
4456,广东轻工职业技术学院,"2021,2022",2
4456,广东轻工职业技术大学,"2024,2026",2
4457,广州软件学院(民办),"2021,2022",2
4457,广州软件学院,"2024,2026",2
4458,广州铁路职业技术学院,"2021,2022,2024,2026",4
4459,广东以色列理工学院(中外合作办学),"2021,2022",2
4459,广东以色列理工学院,"2024,2026",2
4460,哈尔滨工业大学(深圳)(一流大学建设高校),2021,1
4460,哈尔滨工业大学(深圳)（一流大学建设高校）,2022,1
4460,哈尔滨工业大学(深圳),"2024,2026",2
4462,广州大学,2026,1
4463,惠州学院,2026,1
4464,岭南师范学院,"2021,2022,2024,2026",4
4466,肇庆学院,"2021,2022,2024,2026",4
4467,深圳北理莫斯科大学,"2022,2024,2026",3
4468,华南农业大学珠江学院,"2024,2026",2
4469,广州华立科技职业学院,2026,1
4472,广州卫生职业技术学院,"2024,2026",2
4473,广州商学院,2026,1
4477,广州新华学院,2026,1
4481,广州理工学院,2026,1
4482,肇庆医学院,2026,1
4488,香港城市大学(东莞),2026,1
4499,深圳理工大学,2026,1
4501,北海艺术设计学院(民办),"2021,2022",2
4501,北海艺术设计学院,"2024,2026",2
4503,广西财经学院,"2021,2022,2024,2026",4
4504,广西大学(一流学科建设高校),2021,1
4504,广西大学（一流学科建设高校）,2022,1
4504,广西大学,"2024,2026",2
4506,广西科技大学,"2021,2022,2024,2026",4
4507,柳州工学院(民办),"2021,2022",2
4507,柳州工学院,"2024,2026",2
4511,广西民族大学,"2021,2022,2024,2026",4
4512,广西民族大学相思湖学院(独立学院),"2021,2022",2
4512,广西民族大学相思湖学院,"2024,2026",2
4513,广西师范大学,"2021,2022,2024,2026",4
4514,桂林学院(独立学院),"2021,2022",2
4514,桂林学院,"2024,2026",2
4515,南宁师范大学,"2021,2022,2024,2026",4
4517,广西医科大学,"2021,2022,2024,2026",4
4518,广西艺术学院,"2021,2022,2024,2026",4
4519,广西中医药大学,"2021,2022,2024,2026",4
4520,广西中医药大学赛恩斯新医药学院(独立学院),"2021,2022",2
4520,广西中医药大学赛恩斯新医药学院,"2024,2026",2
4521,桂林电子科技大学,"2021,2022,2024,2026",4
4522,桂林信息科技学院(民办),"2021,2022",2
4522,桂林信息科技学院,"2024,2026",2
4524,桂林航天工业学院,"2021,2022,2024,2026",4
4525,桂林理工大学,"2021,2022,2024,2026",4
4526,桂林旅游学院,"2021,2022,2024,2026",4
4527,桂林师范高等专科学校,2024,1
4527,桂林师范学院,2026,1
4528,桂林医学院,"2021,2022,2024",3
4528,桂林医科大学,2026,1
4529,北部湾大学,"2021,2022,2024,2026",4
4530,梧州学院,"2021,2022,2024,2026",4
4531,玉林师范学院,"2021,2022,2024,2026",4
4532,广西工程职业学院(民办),2022,1
4532,广西工程职业学院,2024,1
4535,广西外国语学院(民办),"2021,2022",2
4535,广西外国语学院,"2024,2026",2
4538,南宁理工学院(民办),"2021,2022",2
4538,南宁理工学院,"2024,2026",2
4539,广西电力职业技术学院,"2022,2024,2026",3
4542,南宁学院,"2022,2024,2026",3
4543,柳州铁道职业技术学院,"2024,2026",2
4553,南宁职业技术大学,2026,1
4601,海口经济学院(民办),"2021,2022",2
4601,海口经济学院,"2024,2026",2
4602,海南大学(一流学科建设高校),2021,1
4602,海南大学（一流学科建设高校）,2022,1
4602,海南大学,"2024,2026",2
4603,三亚学院(民办),"2021,2022",2
4603,三亚学院,"2024,2026",2
4604,海南经贸职业技术学院,"2021,2022",2
4606,海南软件职业技术学院,2021,1
4607,海南师范大学,"2021,2022,2024,2026",4
4608,海南外国语职业学院,"2021,2022,2026",3
4609,海南医学院,"2021,2022",2
4609,海南医科大学,"2024,2026",2
4610,海南政法职业学院,"2021,2022,2026",3
4612,琼台师范学院,"2021,2022,2024,2026",4
4613,海南热带海洋学院,"2021,2022,2024,2026",4
4615,海南卫生健康职业学院,"2022,2024,2026",3
4617,海南科技职业大学(民办),"2021,2022",2
4617,海南科技职业大学,"2024,2026",2
4621,海南比勒费尔德应用科学大学,"2024,2026",2
4624,海南洛桑旅游大学,2026,1
4625,海南警察学院,2026,1
4708,长沙科技学院,2026,1
5001,长江师范学院,"2021,2022,2024,2026",4
5002,四川美术学院,"2021,2022,2024,2026",4
5003,四川外国语大学,"2021,2022,2024,2026",4
5004,重庆外语外事学院(民办),"2021,2022",2
5004,重庆外语外事学院,"2024,2026",2
5005,西南大学(一流学科建设高校),2021,1
5005,西南大学（一流学科建设高校）,2022,1
5005,西南大学,"2024,2026",2
5006,重庆人文科技学院(民办),"2021,2022",2
5006,重庆人文科技学院,"2024,2026",2
5007,西南政法大学,"2021,2022,2024,2026",4
5009,重庆城市管理职业学院,"2021,2022,2024",3
5009,重庆城市管理职业大学,2026,1
5011,重庆大学(一流大学建设高校),2021,1
5011,重庆大学（一流大学建设高校）,2022,1
5011,重庆大学,"2024,2026",2
5012,重庆城市科技学院(民办),"2021,2022",2
5012,重庆城市科技学院,"2024,2026",2
5013,重庆电力高等专科学校,"2021,2022,2024,2026",4
5015,重庆工程职业技术学院,"2021,2022,2024",3
5015,重庆工程职业技术大学,2026,1
5017,重庆工商大学,"2021,2022,2024,2026",4
5018,重庆工商大学派斯学院(独立学院),"2021,2022",2
5018,重庆工商大学派斯学院,"2024,2026",2
5019,重庆财经学院(民办),"2021,2022",2
5019,重庆财经学院,"2024,2026",2
5021,重庆航天职业技术学院,"2021,2022,2024,2026",4
5022,重庆交通大学,"2021,2022,2024,2026",4
5023,重庆科技学院,"2021,2022",2
5023,重庆科技大学,"2024,2026",2
5024,重庆理工大学,"2021,2022,2024,2026",4
5025,重庆三峡学院,"2021,2022,2024",3
5025,重庆三峡科技大学,2026,1
5026,重庆三峡医药高等专科学校,"2021,2022,2024,2026",4
5027,重庆师范大学,"2021,2022,2024,2026",4
5028,重庆对外经贸学院(民办),"2021,2022",2
5028,重庆对外经贸学院,"2024,2026",2
5029,重庆文理学院,"2021,2022,2024,2026",4
5031,重庆医科大学,"2021,2022,2024,2026",4
5032,重庆邮电大学,"2021,2022,2024,2026",4
5033,重庆移通学院(民办),"2021,2022",2
5033,重庆移通学院,"2024,2026",2
5035,重庆医药高等专科学校,"2021,2022,2024,2026",4
5036,重庆电子工程职业学院,2022,1
5036,重庆电子科技职业大学,"2024,2026",2
5043,重庆幼儿师范高等专科学校,2024,1
5049,重庆化工职业学院,2024,1
5052,重庆中医药学院,"2024,2026",2
5054,西南大学(荣昌校区),2024,1
5101,成都工业学院,"2021,2022,2024,2026",4
5102,成都航空职业技术学院,"2021,2022,2024",3
5102,成都航空职业技术大学,2026,1
5103,成都理工大学(一流学科建设高校),2021,1
5103,成都理工大学（一流学科建设高校）,2022,1
5103,成都理工大学,"2024,2026",2
5104,成都理工大学工程技术学院(独立学院),"2021,2022",2
5104,成都理工大学工程技术学院,"2024,2026",2
5105,四川传媒学院,"2024,2026",2
5106,成都体育学院,"2024,2026",2
5107,成都信息工程大学,"2021,2022,2024,2026",4
5108,成都银杏酒店管理学院(民办),"2021,2022",2
5108,成都银杏酒店管理学院,"2024,2026",2
5109,成都大学,"2021,2022,2024,2026",4
5110,成都医学院,"2021,2022,2024,2026",4
5111,成都中医药大学(一流学科建设高校),2021,1
5111,成都中医药大学（一流学科建设高校）,2022,1
5111,成都中医药大学,"2024,2026",2
5112,川北医学院,"2021,2022,2024,2026",4
5113,电子科技大学(一流大学建设高校),2021,1
5113,电子科技大学（一流大学建设高校）,2022,1
5113,电子科技大学,"2024,2026",2
5114,电子科技大学成都学院(独立学院),"2021,2022",2
5114,电子科技大学成都学院,"2024,2026",2
5115,乐山师范学院,"2021,2022,2024,2026",4
5116,西南医科大学,"2021,2022,2024,2026",4
5117,绵阳师范学院,"2021,2022,2024,2026",4
5118,内江师范学院,"2021,2022,2024,2026",4
5120,四川大学(一流大学建设高校),2021,1
5120,四川大学（一流大学建设高校）,2022,1
5120,四川大学,"2024,2026",2
5121,成都锦城学院(民办),"2021,2022",2
5121,成都锦城学院,"2024,2026",2
5122,四川大学锦江学院(独立学院),"2021,2022",2
5122,四川大学锦江学院,"2024,2026",2
5123,四川工程职业技术学院,2022,1
5123,四川工程职业技术大学,"2024,2026",2
5124,四川国际标榜职业学院(民办),2022,1
5125,四川建筑职业技术学院,"2021,2022,2024",3
5125,四川建筑职业技术大学,2026,1
5126,四川交通职业技术学院,"2021,2022,2024",3
5126,四川交通职业技术大学,2026,1
5127,成都职业技术学院,2026,1
5128,四川警察学院,2026,1
5129,四川农业大学(一流学科建设高校),2021,1
5129,四川农业大学（一流学科建设高校）,2022,1
5129,四川农业大学,"2024,2026",2
5131,四川师范大学,"2021,2022,2024,2026",4
5132,四川工商学院(民办),"2021,2022",2
5132,四川工商学院,"2024,2026",2
5133,成都文理学院(民办),"2021,2022",2
5133,成都文理学院,"2024,2026",2
5134,四川水利职业技术学院,2026,1
5136,四川外国语大学成都学院(独立学院),"2021,2022",2
5136,成都外国语学院,"2024,2026",2
5137,四川音乐学院,"2021,2022,2024,2026",4
5139,西华大学,"2021,2022,2024,2026",4
5140,西华师范大学,"2021,2022,2024,2026",4
5141,西南财经大学(一流学科建设高校),2021,1
5141,西南财经大学（一流学科建设高校）,2022,1
5141,西南财经大学,"2024,2026",2
5142,西南财经大学天府学院(独立学院),"2021,2022",2
5142,西南财经大学天府学院,"2024,2026",2
5143,西南交通大学(一流学科建设高校),2021,1
5143,西南交通大学（一流学科建设高校）,2022,1
5143,西南交通大学,"2024,2026",2
5144,西南科技大学,"2021,2022,2024,2026",4
5145,西南民族大学,"2021,2022,2024,2026",4
5146,西南石油大学(一流学科建设高校),2021,1
5146,西南石油大学（一流学科建设高校）,2022,1
5146,西南石油大学,"2024,2026",2
5147,宜宾学院,"2021,2022,2024,2026",4
5148,中国民用航空飞行学院,"2021,2022,2024,2026",4
5150,电子科技大学(沙河校区)(一流大学建设高校),2021,1
5150,电子科技大学(沙河校区)（一流大学建设高校）,2022,1
5150,电子科技大学(沙河校区),"2024,2026",2
5151,四川旅游学院,"2024,2026",2
5152,四川化工职业技术学院,2024,1
5155,四川铁道职业学院,"2024,2026",2
5162,成都东软学院(民办),"2021,2022",2
5162,成都东软学院,"2024,2026",2
5163,四川轻化工大学,"2021,2022,2024,2026",4
5164,攀枝花学院,"2021,2022,2024,2026",4
5165,四川电影电视学院,2024,1
5166,四川文化产业职业学院,"2022,2024,2026",3
5168,四川航天职业技术学院,"2024,2026",2
5172,四川长江职业学院,2024,1
5183,资阳口腔职业学院,2024,1
5189,广元中核职业技术学院,2026,1
5190,西昌学院,"2024,2026",2
5193,四川工业科技学院,2026,1
5197,成都师范学院,2026,1
5198,成都轻工职业技术大学,2026,1
5202,安顺职业技术学院,"2022,2026",2
5203,贵州工程应用技术学院,"2021,2022,2024,2026",4
5204,贵州医科大学,"2021,2022,2024,2026",4
5206,贵州中医药大学,"2021,2022,2024,2026",4
5208,贵州财经大学,"2021,2022,2024,2026",4
5209,贵州黔南经济学院(民办),"2021,2022",2
5209,贵州黔南经济学院,"2024,2026",2
5210,贵州大学(一流学科建设高校),2021,1
5210,贵州大学（一流学科建设高校）,2022,1
5210,贵州大学,"2024,2026",2
5211,贵州黔南科技学院(民办),"2021,2022",2
5211,贵州黔南科技学院,"2024,2026",2
5212,贵州电子信息职业技术学院,2021,1
5217,贵州商学院,2026,1
5218,贵阳康养职业大学,"2022,2024,2026",3
5219,黔南民族师范学院,"2021,2022,2024,2026",4
5220,遵义医科大学,"2021,2022,2024,2026",4
5221,贵州理工学院,"2021,2022,2024,2026",4
5222,贵州民族大学,2026,1
5223,贵州师范大学,"2024,2026",2
5225,贵州师范学院,"2021,2022,2024,2026",4
5226,贵阳信息科技学院(独立学院),2021,1
5235,贵阳学院,2026,1
5237,贵州工业职业技术大学,2026,1
5239,六盘水职业技术学院,2026,1
5301,楚雄师范学院,"2021,2022,2024,2026",4
5302,大理大学,"2021,2022,2024,2026",4
5303,红河学院,"2021,2022,2024,2026",4
5304,昆明理工大学,"2021,2022,2024,2026",4
5305,昆明理工大学津桥学院(独立学院),"2021,2022",2
5305,昆明理工大学津桥学院,"2024,2026",2
5306,昆明冶金高等专科学校,"2021,2024",2
5306,昆明冶金职业大学,2026,1
5307,昆明医科大学,"2021,2022,2024,2026",4
5308,昆明医科大学海源学院(独立学院),"2021,2022",2
5308,昆明医科大学海源学院,"2024,2026",2
5310,曲靖师范学院,"2021,2022,2024,2026",4
5311,西南林业大学,"2021,2022,2024,2026",4
5312,玉溪师范学院,"2021,2022,2024,2026",4
5313,云南财经大学,"2021,2022,2024,2026",4
5314,云南大学(一流大学建设高校),2021,1
5314,云南大学（一流大学建设高校）,2022,1
5314,云南大学,"2024,2026",2
5315,云南大学滇池学院(独立学院),"2021,2022",2
5315,滇池学院,"2024,2026",2
5316,丽江文化旅游学院(民办),"2021,2022",2
5316,丽江文化旅游学院,"2024,2026",2
5318,云南警官学院,"2021,2022",2
5319,云南民族大学,"2021,2022,2024,2026",4
5320,云南农业大学,"2021,2022,2024,2026",4
5321,云南师范大学,"2021,2022,2024,2026",4
5322,昆明城市学院(民办),"2021,2022",2
5322,昆明城市学院,"2024,2026",2
5323,昆明文理学院(民办),"2021,2022",2
5323,昆明文理学院,"2024,2026",2
5325,云南经济管理学院(民办),"2021,2022",2
5325,云南经济管理学院,"2024,2026",2
5330,文山学院,"2021,2022,2024,2026",4
5331,云南医药健康职业学院(民办),"2021,2022",2
5331,云南医药健康职业学院,"2024,2026",2
5332,普洱学院,"2021,2022,2024,2026",4
5333,云南艺术学院,"2022,2024,2026",3
5335,云南工商学院,2026,1
5338,昆明卫生职业学院,"2024,2026",2
5346,昆明铁道职业技术学院,2026,1
5401,西藏大学(一流学科建设高校),2021,1
5401,西藏大学（一流学科建设高校）,2022,1
5401,西藏大学,"2024,2026",2
5402,西藏民族大学,2026,1
6101,宝鸡文理学院,"2021,2022,2024,2026",4
6102,长安大学(一流学科建设高校),2021,1
6102,长安大学（一流学科建设高校）,2022,1
6102,长安大学,"2024,2026",2
6103,陕西服装工程学院(民办),"2021,2022",2
6103,陕西服装工程学院,"2024,2026",2
6104,陕西交通职业技术学院,"2024,2026",2
6105,陕西科技大学,"2021,2022,2024,2026",4
6106,陕西科技大学镐京学院(独立学院),"2021,2022",2
6106,陕西科技大学镐京学院,"2024,2026",2
6107,陕西理工大学,"2021,2022,2024,2026",4
6108,陕西师范大学(一流学科建设高校),2021,1
6108,陕西师范大学（一流学科建设高校）,2022,1
6108,陕西师范大学,"2024,2026",2
6111,陕西中医药大学,"2021,2022,2024,2026",4
6112,渭南师范学院,"2021,2022,2024,2026",4
6113,西安财经大学,"2021,2022,2024,2026",4
6114,西安财经大学行知学院(独立学院),"2021,2022",2
6114,西安财经大学行知学院,"2024,2026",2
6116,西安电子科技大学(一流学科建设高校),2021,1
6116,西安电子科技大学（一流学科建设高校）,2022,1
6116,西安电子科技大学,"2024,2026",2
6118,西安翻译学院(民办),"2021,2022",2
6118,西安翻译学院,"2024,2026",2
6119,西安工程大学,"2021,2022,2024,2026",4
6120,西安工业大学,"2021,2022,2024,2026",4
6121,西安工商学院(民办),"2021,2022",2
6121,西安工商学院,"2024,2026",2
6123,西安航空学院,"2021,2022,2024,2026",4
6125,西安建筑科技大学,"2021,2022,2024,2026",4
6126,西安建筑科技大学华清学院(独立学院),"2021,2022",2
6126,西安建筑科技大学华清学院,"2024,2026",2
6127,西安交通大学(一流大学建设高校),2021,1
6127,西安交通大学（一流大学建设高校）,2022,1
6127,西安交通大学,"2024,2026",2
6128,西安科技大学,"2021,2022,2024,2026",4
6129,西安科技大学高新学院(独立学院),"2021,2022",2
6129,西安科技大学高新学院,"2024,2026",2
6130,西安理工大学,"2021,2022,2024,2026",4
6131,西安理工大学高科学院(独立学院),"2021,2022",2
6131,西安理工大学高科学院,"2024,2026",2
6132,西安美术学院,"2021,2024,2026",3
6133,西安欧亚学院(民办),"2021,2022",2
6133,西安欧亚学院,"2024,2026",2
6134,西安培华学院(民办),"2021,2022",2
6134,西安培华学院,"2024,2026",2
6135,西安石油大学,"2021,2022,2024,2026",4
6136,西安思源学院(民办),"2021,2022",2
6136,西安思源学院,"2024,2026",2
6138,西安铁路职业技术学院,"2024,2026",2
6139,西安外国语大学,"2021,2022,2024,2026",4
6140,西安外事学院(民办),"2021,2022",2
6140,西安外事学院,"2024,2026",2
6141,西安文理学院,"2021,2022,2024,2026",4
6142,西安音乐学院,"2024,2026",2
6143,西安邮电大学,"2021,2022,2024,2026",4
6144,西北大学(一流学科建设高校),2021,1
6144,西北大学（一流学科建设高校）,2022,1
6144,西北大学,"2024,2026",2
6145,西北工业大学(一流大学建设高校),2021,1
6145,西北工业大学（一流大学建设高校）,2022,1
6145,西北工业大学,"2024,2026",2
6146,西安明德理工学院(民办),"2021,2022",2
6146,西安明德理工学院,"2024,2026",2
6147,西北农林科技大学(一流大学建设高校),2021,1
6147,西北农林科技大学（一流大学建设高校）,2022,1
6147,西北农林科技大学,"2024,2026",2
6148,西北政法大学,"2021,2022,2024,2026",4
6149,西京学院(民办),"2021,2022",2
6149,西京学院,"2024,2026",2
6150,咸阳师范学院,"2021,2022,2024,2026",4
6151,延安大学,"2021,2022,2024,2026",4
6152,陕西国际商贸学院(民办),"2021,2022",2
6152,陕西国际商贸学院,"2024,2026",2
6153,西安交通大学城市学院(独立学院),"2021,2022",2
6153,西安交通大学城市学院,"2024,2026",2
6154,西安交通工程学院(民办),"2021,2022",2
6154,西安交通工程学院,"2024,2026",2
6156,商洛学院,"2021,2022,2024,2026",4
6157,商洛职业技术学院,"2022,2024",2
6158,西安汽车职业大学,2024,1
6203,兰州城市学院,"2021,2022,2024,2026",4
6204,兰州大学(一流大学建设高校),2021,1
6204,兰州大学（一流大学建设高校）,2022,1
6204,兰州大学,"2024,2026",2
6205,兰州交通大学,"2021,2022,2024,2026",4
6206,兰州博文科技学院(民办),"2021,2022",2
6206,兰州博文科技学院,"2024,2026",2
6207,兰州理工大学,"2021,2022,2024,2026",4
6208,兰州信息科技学院(民办),"2021,2022",2
6208,兰州信息科技学院,"2024,2026",2
6209,兰州财经大学,"2021,2022,2024,2026",4
6210,兰州资源环境职业技术大学,"2024,2026",2
6211,兰州工商学院(民办),"2021,2022",2
6211,兰州工商学院,"2024,2026",2
6213,天水师范学院,"2021,2022,2024",3
6213,天水师范大学,2026,1
6214,西北民族大学,"2021,2022,2024,2026",4
6215,西北师范大学,"2021,2022,2024,2026",4
6217,甘肃农业大学,"2021,2022,2024,2026",4
6218,甘肃政法大学,"2021,2022,2024,2026",4
6219,兰州石化职业技术大学(独立学院),2021,1
6219,兰州石化职业技术大学,"2022,2024,2026",3
6220,甘肃中医药大学,"2022,2024,2026",3
6221,陇东学院,"2022,2024,2026",3
6222,兰州工业学院,"2022,2024,2026",3
6228,甘肃林业职业技术大学,2026,1
6301,青海大学(一流学科建设高校),2021,1
6301,青海大学（一流学科建设高校）,2022,1
6301,青海大学,"2024,2026",2
6303,青海民族大学,"2021,2022,2024,2026",4
6305,青海理工学院,"2024,2026",2
6404,北方民族大学,"2021,2022,2024,2026",4
6405,宁夏大学(一流学科建设高校),2021,1
6405,宁夏大学（一流学科建设高校）,2022,1
6405,宁夏大学,"2024,2026",2
6406,宁夏大学新华学院(独立学院),"2021,2022",2
6406,宁夏大学新华学院,"2024,2026",2
6408,宁夏理工学院(民办),"2021,2022",2
6408,宁夏理工学院,"2024,2026",2
6409,宁夏医科大学,"2021,2022,2024,2026",4
6417,银川科技学院,"2024,2026",2
6501,石河子大学(一流学科建设高校),2021,1
6501,石河子大学（一流学科建设高校）,2022,1
6501,石河子大学,"2024,2026",2
6502,新疆财经大学,"2021,2022,2024,2026",4
6503,新疆科技学院,"2021,2022,2024,2026",4
6504,新疆大学(一流大学建设高校),2021,1
6504,新疆大学（一流大学建设高校）,2022,1
6504,新疆大学,"2024,2026",2
6505,新疆理工学院,"2021,2022,2024,2026",4
6506,新疆工程学院,"2021,2022,2024,2026",4
6507,新疆农业大学,"2021,2022,2024,2026",4
6509,新疆师范大学,"2021,2022,2024,2026",4
6510,新疆第二医学院,"2021,2022,2024,2026",4
6515,塔里木大学,"2021,2022,2024,2026",4
6516,新疆医科大学,"2021,2022,2024,2026",4
6517,中国石油大学(北京)克拉玛依校区(一流学科建设高校),2021,1
6517,中国石油大学(北京)克拉玛依校区（一流学科建设高校）,2022,1
6517,中国石油大学(北京)克拉玛依校区,"2024,2026",2
6518,喀什大学,"2022,2024,2026",3
6519,新疆政法学院,"2022,2024,2026",3
6520,新疆和田学院,"2024,2026",2
6521,伊犁师范大学,"2024,2026",2
6522,昌吉学院,"2024,2026",2
6527,塔里木职业技术学院,2026,1
6532,新疆天山职业技术大学,2026,1
6533,新疆理工职业大学,2026,1
6535,新疆工业职业技术大学,2026,1
8103,香港珠海学院,"2024,2026",2
9001,海军军医大学(一流学科建设高校),2021,1
9001,海军军医大学（一流学科建设高校）,2022,1
9001,海军军医大学,"2024,2026",2
9031,中国人民警察大学,"2021,2022,2024,2026",4
9034,中国人民公安大学(一流学科建设高校),2021,1
9034,中国人民公安大学（一流学科建设高校）,2022,1
9034,中国人民公安大学,"2024,2026",2
